sample_index,t_elapsed_sec,raw_lat,raw_lon,raw_enu_e,raw_enu_n,raw_speed_mps,raw_course_deg,raw_hdop,raw_sats,gnss_age_sec,filt_lat,filt_lon,filt_enu_e,filt_enu_n,filt_speed_mps,filt_course_deg,filt_ve,filt_vn,is_filtered,filter_mode,innovation_dist_m,displacement_m,accepted_count,rejected_count,reseed_count,filter_gnss_age_sec
1,0.0,12.9356175,77.6208142,0.0,0.0,0.0,,1.35,6,0.32,12.9356335,77.6208171,0.315,1.781,0.74,227.4,-0.545,-0.501,True,moving,0.75,3.54,463,0,2,0.14
2,0.2,12.9356175,77.6208142,0.0,0.0,0.0,,1.35,6,0.44,12.9356326,77.620816,0.195,1.681,0.74,227.4,-0.545,-0.501,True,moving,0.75,3.54,463,0,2,0.26
3,0.4,12.9356175,77.6208142,0.0,0.0,0.0,,1.35,6,0.64,12.9356316,77.620815,0.087,1.57,0.74,227.4,-0.545,-0.501,True,moving,0.75,3.54,463,0,2,0.46
4,0.6,12.9356175,77.6208142,0.0,0.0,0.0,,1.35,6,0.84,12.9356307,77.6208139,-0.033,1.469,0.74,227.4,-0.545,-0.501,True,moving,0.75,3.54,463,0,2,0.66
5,0.8,12.9356175,77.6208142,0.0,0.0,0.0,,1.35,6,0.05,12.9356233,77.6208135,-0.076,0.646,0.96,212.0,-0.509,-0.814,True,moving,0.28,1.36,464,0,2,0.02
6,1.0,12.9356175,77.6208142,0.0,0.0,0.0,,1.35,6,0.24,12.9356233,77.6208135,-0.076,0.646,0.96,212.0,-0.509,-0.814,True,moving,0.28,1.36,464,0,2,0.2
7,1.2,12.9356175,77.6208142,0.0,0.0,0.0,,1.35,6,0.44,12.9356217,77.6208125,-0.184,0.468,0.96,212.0,-0.509,-0.814,True,moving,0.28,1.36,464,0,2,0.4
8,1.4,12.9356175,77.6208142,0.0,0.0,0.0,,1.35,6,0.64,12.9356202,77.6208115,-0.293,0.301,0.96,212.0,-0.509,-0.814,True,moving,0.28,1.36,464,0,2,0.6
9,1.6,12.9356175,77.6208142,0.0,0.0,0.0,,1.35,6,0.84,12.9356186,77.6208105,-0.401,0.122,0.96,212.0,-0.509,-0.814,True,moving,0.28,1.36,464,0,2,0.8
10,1.8,12.9356093,77.6208218,0.825,-0.913,2.09,,1.39,6,0.04,12.935617,77.6208095,-0.51,-0.056,0.96,212.0,-0.509,-0.814,True,moving,0.28,1.36,464,0,2,1.0
11,2.0,12.9356093,77.6208218,0.825,-0.913,2.09,,1.39,6,0.24,12.9356388,77.6208175,0.358,2.371,1.96,359.8,-0.007,1.96,True,moving,0.31,1.6,465,0,2,0.13
12,2.2,12.9356093,77.6208218,0.825,-0.913,2.09,,1.39,6,0.44,12.9356426,77.6208175,0.358,2.794,1.96,359.8,-0.007,1.96,True,moving,0.31,1.6,465,0,2,0.33
13,2.4,12.9356093,77.6208218,0.825,-0.913,2.09,,1.39,6,0.64,12.9356464,77.6208175,0.358,3.217,1.96,359.8,-0.007,1.96,True,moving,0.31,1.6,465,0,2,0.53
14,2.6,12.9356093,77.6208218,0.825,-0.913,2.09,,1.39,6,0.84,12.9356502,77.6208175,0.358,3.64,1.96,359.8,-0.007,1.96,True,moving,0.31,1.6,465,0,2,0.73
15,2.8,12.9356093,77.6208218,0.825,-0.913,0.0,,1.39,6,0.04,12.9356539,77.6208174,0.347,4.052,1.96,359.8,-0.007,1.96,True,moving,0.31,1.6,465,0,2,0.93
16,3.0,12.9356093,77.6208218,0.825,-0.913,0.0,,1.39,6,0.24,12.9356435,77.6208187,0.488,2.894,1.62,0.8,0.023,1.62,True,moving,1.31,5.41,466,0,2,0.05
17,3.2,12.9356093,77.6208218,0.825,-0.913,0.0,,1.39,6,0.44,12.9356466,77.6208187,0.488,3.239,1.62,0.8,0.023,1.62,True,moving,1.31,5.41,466,0,2,0.25
18,3.4,12.9356093,77.6208218,0.825,-0.913,0.0,,1.39,6,0.64,12.9356497,77.6208188,0.499,3.584,1.62,0.8,0.023,1.62,True,moving,1.31,5.41,466,0,2,0.45
19,3.6,12.9356093,77.6208218,0.825,-0.913,0.0,,1.39,6,0.84,12.9356528,77.6208188,0.499,3.93,1.62,0.8,0.023,1.62,True,moving,1.31,5.41,466,0,2,0.65
20,3.8,12.9356093,77.6208218,0.825,-0.913,0.0,,1.39,6,0.06,12.93564,77.6208199,0.618,2.505,0.88,4.4,0.068,0.877,True,moving,1.21,5.2,467,0,2,0.02
21,4.0,12.9356093,77.6208218,0.825,-0.913,0.0,,1.39,6,0.24,12.93564,77.6208199,0.618,2.505,0.88,4.4,0.068,0.877,True,moving,1.21,5.2,467,0,2,0.2
22,4.2,12.9356093,77.6208218,0.825,-0.913,0.0,,1.39,6,0.44,12.9356417,77.62082,0.629,2.694,0.88,4.4,0.068,0.877,True,moving,1.21,5.2,467,0,2,0.4
23,4.4,12.9356093,77.6208218,0.825,-0.913,0.0,,1.39,6,0.64,12.9356433,77.6208202,0.651,2.872,0.88,4.4,0.068,0.877,True,moving,1.21,5.2,467,0,2,0.6
24,4.6,12.9356093,77.6208218,0.825,-0.913,0.0,,1.39,6,0.84,12.935645,77.6208203,0.662,3.061,0.88,4.4,0.068,0.877,True,moving,1.21,5.2,467,0,2,0.8
25,4.8,12.9356222,77.6208278,1.476,0.523,0.0,,1.39,6,0.04,12.9356467,77.6208204,0.673,3.251,0.88,4.4,0.068,0.877,True,moving,1.21,5.2,467,0,2,1.0
26,5.0,12.9356222,77.6208278,1.476,0.523,0.0,,1.39,6,0.24,12.9356358,77.620824,1.063,2.037,0.33,,0.0,0.0,True,stationary,0.62,3.01,468,0,2,0.13
27,5.2,12.9356222,77.6208278,1.476,0.523,0.0,,1.39,6,0.44,12.9356362,77.6208245,1.117,2.082,0.32,,0.0,0.0,True,stationary,0.62,3.01,468,0,2,0.33
28,5.4,12.9356222,77.6208278,1.476,0.523,0.0,,1.39,6,0.64,12.9356366,77.6208249,1.161,2.126,0.3,,0.0,0.0,True,stationary,0.62,3.01,468,0,2,0.53
29,5.6,12.9356222,77.6208278,1.476,0.523,0.0,,1.39,6,0.84,12.935637,77.6208253,1.204,2.171,0.29,,0.0,0.0,True,stationary,0.62,3.01,468,0,2,0.73
30,5.8,12.9356222,77.6208278,1.476,0.523,0.0,,1.39,6,0.04,12.9356373,77.6208257,1.248,2.204,0.28,,0.0,0.0,True,stationary,0.62,3.01,468,0,2,0.93
31,6.0,12.9356222,77.6208278,1.476,0.523,0.0,,1.39,6,0.24,12.9356292,77.620827,1.389,1.302,0.3,,0.0,0.0,True,stationary,0.33,1.73,469,0,2,0.07
32,6.2,12.9356222,77.6208278,1.476,0.523,0.0,,1.39,6,0.44,12.9356288,77.6208275,1.443,1.258,0.28,,0.0,0.0,True,stationary,0.33,1.73,469,0,2,0.27
33,6.4,12.9356222,77.6208278,1.476,0.523,0.0,,1.39,6,0.64,12.9356285,77.6208279,1.486,1.225,0.27,,0.0,0.0,True,stationary,0.33,1.73,469,0,2,0.47
34,6.6,12.9356222,77.6208278,1.476,0.523,0.0,,1.39,6,0.84,12.9356282,77.6208283,1.53,1.191,0.26,,0.0,0.0,True,stationary,0.33,1.73,469,0,2,0.67
35,6.8,12.9356222,77.6208278,1.476,0.523,0.0,,1.39,6,0.04,12.935625,77.6208282,1.519,0.835,0.31,,0.0,0.0,True,stationary,0.13,0.64,470,0,2,0.02
36,7.0,12.9356222,77.6208278,1.476,0.523,0.0,,1.39,6,0.24,12.9356246,77.6208286,1.562,0.79,0.3,,0.0,0.0,True,stationary,0.13,0.64,470,0,2,0.23
37,7.2,12.9356222,77.6208278,1.476,0.523,0.0,,1.39,6,0.44,12.9356246,77.6208286,1.562,0.79,0.3,,0.0,0.0,True,stationary,0.13,0.64,470,0,2,0.42
38,7.4,12.9356222,77.6208278,1.476,0.523,0.0,,1.39,6,0.64,12.9356241,77.6208289,1.595,0.735,0.29,,0.0,0.0,True,stationary,0.13,0.64,470,0,2,0.62
39,7.6,12.9356222,77.6208278,1.476,0.523,0.0,,1.39,6,0.84,12.9356237,77.6208292,1.627,0.69,0.28,,0.0,0.0,True,stationary,0.13,0.64,470,0,2,0.82
40,7.8,12.9356222,77.6208278,1.476,0.523,0.0,,1.39,6,0.04,12.9356232,77.6208295,1.66,0.635,0.26,,0.0,0.0,True,stationary,0.13,0.64,470,0,2,1.02
41,8.0,12.9356222,77.6208278,1.476,0.523,0.0,,1.39,6,0.24,12.9356225,77.6208288,1.584,0.557,0.24,,0.0,0.0,True,stationary,0.05,0.23,471,0,2,0.14
42,8.2,12.9356222,77.6208278,1.476,0.523,0.0,,1.39,6,0.44,12.9356221,77.6208291,1.617,0.512,0.23,,0.0,0.0,True,stationary,0.05,0.23,471,0,2,0.34
43,8.4,12.9356222,77.6208278,1.476,0.523,0.0,,1.39,6,0.64,12.9356218,77.6208293,1.638,0.479,0.22,,0.0,0.0,True,stationary,0.05,0.23,471,0,2,0.54
44,8.6,12.9356222,77.6208278,1.476,0.523,0.0,,1.39,6,0.84,12.9356214,77.6208295,1.66,0.434,0.21,,0.0,0.0,True,stationary,0.05,0.23,471,0,2,0.74
45,8.8,12.9356222,77.6208278,1.476,0.523,0.0,,1.39,6,0.04,12.935621,77.6208297,1.682,0.39,0.21,,0.0,0.0,True,stationary,0.05,0.23,471,0,2,0.94
46,9.0,12.9356222,77.6208278,1.476,0.523,0.0,,1.39,6,0.24,12.9356214,77.6208289,1.595,0.434,0.17,,0.0,0.0,True,stationary,0.06,0.28,472,0,2,0.06
47,9.2,12.9356222,77.6208278,1.476,0.523,0.0,,1.39,6,0.44,12.9356211,77.6208291,1.617,0.401,0.16,,0.0,0.0,True,stationary,0.06,0.28,472,0,2,0.26
48,9.4,12.9356222,77.6208278,1.476,0.523,0.0,,1.39,6,0.64,12.9356208,77.6208292,1.627,0.367,0.16,,0.0,0.0,True,stationary,0.06,0.28,472,0,2,0.46
49,9.6,12.9356222,77.6208278,1.476,0.523,0.0,,1.39,6,0.84,12.9356206,77.6208293,1.638,0.345,0.15,,0.0,0.0,True,stationary,0.06,0.28,472,0,2,0.66
50,9.8,12.9356222,77.6208278,1.476,0.523,0.0,,1.39,6,0.05,12.935621,77.6208288,1.584,0.39,0.12,,0.0,0.0,True,stationary,0.06,0.28,473,0,2,0.02
51,10.0,12.9356222,77.6208278,1.476,0.523,0.0,,1.39,6,0.24,12.935621,77.6208288,1.584,0.39,0.12,,0.0,0.0,True,stationary,0.06,0.28,473,0,2,0.2
52,10.2,12.9356222,77.6208278,1.476,0.523,0.0,,1.39,6,0.44,12.9356208,77.6208289,1.595,0.367,0.12,,0.0,0.0,True,stationary,0.06,0.28,473,0,2,0.4
53,10.4,12.9356222,77.6208278,1.476,0.523,0.0,,1.39,6,0.64,12.9356206,77.620829,1.606,0.345,0.11,,0.0,0.0,True,stationary,0.06,0.28,473,0,2,0.6
54,10.6,12.9356222,77.6208278,1.476,0.523,0.0,,1.39,6,0.84,12.9356204,77.620829,1.606,0.323,0.11,,0.0,0.0,True,stationary,0.06,0.28,473,0,2,0.8
55,10.8,12.9356222,77.6208278,1.476,0.523,0.0,,1.2,6,0.04,12.9356203,77.6208291,1.617,0.312,0.1,,0.0,0.0,True,stationary,0.06,0.28,473,0,2,1.01
56,11.0,12.9356222,77.6208278,1.476,0.523,0.0,,1.2,6,0.24,12.935621,77.6208286,1.562,0.39,0.08,,0.0,0.0,True,stationary,0.07,0.28,474,0,2,0.13
57,11.2,12.9356222,77.6208278,1.476,0.523,0.0,,1.2,6,0.44,12.9356209,77.6208286,1.562,0.378,0.07,,0.0,0.0,True,stationary,0.07,0.28,474,0,2,0.33
58,11.4,12.9356222,77.6208278,1.476,0.523,0.0,,1.2,6,0.64,12.9356208,77.6208287,1.573,0.367,0.07,,0.0,0.0,True,stationary,0.07,0.28,474,0,2,0.54
59,11.6,12.9356222,77.6208278,1.476,0.523,0.0,,1.2,6,0.84,12.9356206,77.6208287,1.573,0.345,0.07,,0.0,0.0,True,stationary,0.07,0.28,474,0,2,0.74
60,11.8,12.935616,77.6208325,1.985,-0.167,0.0,,1.39,6,0.04,12.9356205,77.6208287,1.573,0.334,0.07,,0.0,0.0,True,stationary,0.07,0.28,474,0,2,0.94
61,12.0,12.935616,77.6208325,1.985,-0.167,0.0,,1.39,6,0.24,12.935619,77.62083,1.714,0.167,0.09,,0.0,0.0,True,stationary,0.15,0.63,475,0,2,0.07
62,12.2,12.935616,77.6208325,1.985,-0.167,0.0,,1.39,6,0.44,12.9356188,77.6208301,1.725,0.145,0.09,,0.0,0.0,True,stationary,0.15,0.63,475,0,2,0.27
63,12.4,12.935616,77.6208325,1.985,-0.167,0.0,,1.39,6,0.64,12.9356187,77.6208301,1.725,0.134,0.09,,0.0,0.0,True,stationary,0.15,0.63,475,0,2,0.47
64,12.6,12.935616,77.6208325,1.985,-0.167,0.0,,1.39,6,0.84,12.9356185,77.6208302,1.736,0.111,0.08,,0.0,0.0,True,stationary,0.15,0.63,475,0,2,0.67
65,12.8,12.935616,77.6208325,1.985,-0.167,0.0,,1.26,6,0.04,12.9356176,77.620831,1.823,0.011,0.1,,0.0,0.0,True,stationary,0.09,0.36,476,0,2,0.02
66,13.0,12.935616,77.6208325,1.985,-0.167,0.0,,1.26,6,0.25,12.9356174,77.6208311,1.834,-0.011,0.09,,0.0,0.0,True,stationary,0.09,0.36,476,0,2,0.23
67,13.2,12.935616,77.6208325,1.985,-0.167,0.0,,1.26,6,0.44,12.9356174,77.6208311,1.834,-0.011,0.09,,0.0,0.0,True,stationary,0.09,0.36,476,0,2,0.42
68,13.4,12.935616,77.6208325,1.985,-0.167,0.0,,1.26,6,0.64,12.9356173,77.6208312,1.844,-0.022,0.09,,0.0,0.0,True,stationary,0.09,0.36,476,0,2,0.62
69,13.6,12.935616,77.6208325,1.985,-0.167,0.0,,1.26,6,0.84,12.9356171,77.6208313,1.855,-0.045,0.08,,0.0,0.0,True,stationary,0.09,0.36,476,0,2,0.82
70,13.8,12.935617,77.6208247,1.139,-0.056,0.0,,1.26,6,0.04,12.935617,77.6208313,1.855,-0.056,0.08,,0.0,0.0,True,stationary,0.09,0.36,476,0,2,1.02
71,14.0,12.935617,77.6208247,1.139,-0.056,0.0,,1.26,6,0.24,12.9356169,77.6208293,1.638,-0.067,0.07,,0.0,0.0,True,stationary,0.19,0.73,477,0,2,0.15
72,14.2,12.935617,77.6208247,1.139,-0.056,0.0,,1.26,6,0.44,12.9356168,77.6208293,1.638,-0.078,0.06,,0.0,0.0,True,stationary,0.19,0.73,477,0,2,0.35
73,14.4,12.935617,77.6208247,1.139,-0.056,0.0,,1.26,6,0.64,12.9356167,77.6208293,1.638,-0.089,0.06,,0.0,0.0,True,stationary,0.19,0.73,477,0,2,0.55
74,14.6,12.935617,77.6208247,1.139,-0.056,0.0,,1.26,6,0.84,12.9356166,77.6208293,1.638,-0.1,0.06,,0.0,0.0,True,stationary,0.19,0.73,477,0,2,0.75
75,14.8,12.935624,77.6208203,0.662,0.724,0.0,,1.26,6,0.04,12.9356165,77.6208293,1.638,-0.111,0.06,,0.0,0.0,True,stationary,0.19,0.73,477,0,2,0.95
76,15.0,12.935624,77.6208203,0.662,0.724,0.0,,1.26,6,0.24,12.9356186,77.6208267,1.356,0.122,0.04,,0.0,0.0,True,stationary,0.35,1.3,478,0,2,0.08
77,15.2,12.935624,77.6208203,0.662,0.724,0.0,,1.26,6,0.44,12.9356186,77.6208266,1.345,0.122,0.04,,0.0,0.0,True,stationary,0.35,1.3,478,0,2,0.28
78,15.4,12.935624,77.6208203,0.662,0.724,0.0,,1.26,6,0.64,12.9356186,77.6208265,1.334,0.122,0.04,,0.0,0.0,True,stationary,0.35,1.3,478,0,2,0.48
79,15.6,12.935624,77.6208203,0.662,0.724,0.0,,1.26,6,0.84,12.9356185,77.6208265,1.334,0.111,0.04,,0.0,0.0,True,stationary,0.35,1.3,478,0,2,0.68
80,15.8,12.935624,77.6208203,0.662,0.724,0.0,,1.2,6,0.04,12.9356201,77.6208246,1.128,0.289,0.06,,0.0,0.0,True,stationary,0.25,0.9,479,0,2,0.02
81,16.0,12.935624,77.6208203,0.662,0.724,0.0,,1.2,6,0.24,12.9356201,77.6208246,1.128,0.289,0.06,,0.0,0.0,True,stationary,0.25,0.9,479,0,2,0.22
82,16.2,12.935624,77.6208203,0.662,0.724,0.0,,1.2,6,0.44,12.9356201,77.6208245,1.117,0.289,0.05,,0.0,0.0,True,stationary,0.25,0.9,479,0,2,0.42
83,16.4,12.935624,77.6208203,0.662,0.724,0.0,,1.2,6,0.64,12.9356201,77.6208244,1.107,0.289,0.05,,0.0,0.0,True,stationary,0.25,0.9,479,0,2,0.62
84,16.6,12.935624,77.6208203,0.662,0.724,0.0,,1.2,6,0.84,12.9356201,77.6208243,1.096,0.289,0.05,,0.0,0.0,True,stationary,0.25,0.9,479,0,2,0.82
85,16.8,12.9356345,77.6208213,0.77,1.892,1.38,,1.39,6,0.04,12.9356201,77.6208242,1.085,0.289,0.05,,0.0,0.0,True,stationary,0.25,0.9,479,0,2,1.02
86,17.0,12.9356345,77.6208213,0.77,1.892,1.38,,1.39,6,0.24,12.9356432,77.6208243,1.096,2.861,0.6,357.0,-0.031,0.599,True,moving,0.41,1.63,480,0,2,0.13
87,17.2,12.9356345,77.6208213,0.77,1.892,1.38,,1.39,6,0.44,12.9356443,77.6208242,1.085,2.983,0.6,357.0,-0.031,0.599,True,moving,0.41,1.63,480,0,2,0.33
88,17.4,12.9356345,77.6208213,0.77,1.892,1.38,,1.39,6,0.64,12.9356455,77.6208242,1.085,3.117,0.6,357.0,-0.031,0.599,True,moving,0.41,1.63,480,0,2,0.53
89,17.6,12.9356345,77.6208213,0.77,1.892,1.38,,1.39,6,0.84,12.9356466,77.6208241,1.074,3.239,0.6,357.0,-0.031,0.599,True,moving,0.41,1.63,480,0,2,0.73
90,17.8,12.9356405,77.6208287,1.573,2.56,1.07,,1.39,6,0.04,12.9356478,77.6208241,1.074,3.373,0.6,357.0,-0.031,0.599,True,moving,0.41,1.63,480,0,2,0.93
91,18.0,12.9356405,77.6208287,1.573,2.56,1.07,,1.39,6,0.24,12.9356497,77.620825,1.172,3.584,1.03,0.0,0.0,1.03,True,moving,0.27,1.07,481,0,2,0.06
92,18.2,12.9356405,77.6208287,1.573,2.56,1.07,,1.39,6,0.44,12.9356516,77.620825,1.172,3.796,1.03,0.0,0.0,1.03,True,moving,0.27,1.07,481,0,2,0.26
93,18.4,12.9356405,77.6208287,1.573,2.56,1.07,,1.39,6,0.64,12.9356536,77.620825,1.172,4.019,1.03,0.0,0.0,1.03,True,moving,0.27,1.07,481,0,2,0.46
94,18.6,12.9356405,77.6208287,1.573,2.56,1.07,,1.39,6,0.84,12.9356556,77.620825,1.172,4.241,1.03,0.0,0.0,1.03,True,moving,0.27,1.07,481,0,2,0.66
95,18.8,12.9356413,77.6208408,2.886,2.649,1.21,,1.39,6,0.04,12.9356556,77.6208275,1.443,4.241,1.19,0.3,0.006,1.19,True,moving,0.65,2.49,482,0,2,0.02
96,19.0,12.9356413,77.6208408,2.886,2.649,1.21,,1.39,6,0.24,12.9356556,77.6208275,1.443,4.241,1.19,0.3,0.006,1.19,True,moving,0.65,2.49,482,0,2,0.21
97,19.2,12.9356413,77.6208408,2.886,2.649,1.21,,1.39,6,0.44,12.935658,77.6208275,1.443,4.508,1.19,0.3,0.006,1.19,True,moving,0.65,2.49,482,0,2,0.41
98,19.4,12.9356413,77.6208408,2.886,2.649,1.21,,1.39,6,0.64,12.9356603,77.6208275,1.443,4.764,1.19,0.3,0.006,1.19,True,moving,0.65,2.49,482,0,2,0.61
99,19.6,12.9356413,77.6208408,2.886,2.649,1.21,,1.39,6,0.84,12.9356625,77.6208275,1.443,5.009,1.19,0.3,0.006,1.19,True,moving,0.65,2.49,482,0,2,0.81
100,19.8,12.9356413,77.6208408,2.886,2.649,0.0,,1.56,6,0.04,12.9356648,77.6208275,1.443,5.265,1.19,0.3,0.006,1.19,True,moving,0.65,2.49,482,0,2,1.01
101,20.0,12.9356413,77.6208408,2.886,2.649,0.0,,1.56,6,0.24,12.9356631,77.6208295,1.66,5.076,1.03,4.8,0.086,1.026,True,moving,0.76,3.21,483,0,2,0.14
102,20.2,12.9356413,77.6208408,2.886,2.649,0.0,,1.56,6,0.44,12.9356651,77.6208297,1.682,5.299,1.03,4.8,0.086,1.026,True,moving,0.76,3.21,483,0,2,0.34
103,20.4,12.9356413,77.6208408,2.886,2.649,0.0,,1.56,6,0.64,12.9356671,77.6208299,1.703,5.521,1.03,4.8,0.086,1.026,True,moving,0.76,3.21,483,0,2,0.54
104,20.6,12.9356413,77.6208408,2.886,2.649,0.0,,1.56,6,0.84,12.935669,77.6208301,1.725,5.733,1.03,4.8,0.086,1.026,True,moving,0.76,3.21,483,0,2,0.74
105,20.8,12.9356435,77.62086,4.969,2.894,1.29,,1.39,6,0.04,12.9356711,77.6208302,1.736,5.967,1.03,4.8,0.086,1.026,True,moving,0.76,3.21,483,0,2,0.94
106,21.0,12.9356435,77.62086,4.969,2.894,1.29,,1.39,6,0.24,12.9356691,77.6208357,2.333,5.744,1.25,1.4,0.031,1.25,True,moving,1.06,4.6,484,0,2,0.06
107,21.2,12.9356435,77.62086,4.969,2.894,1.29,,1.39,6,0.44,12.9356715,77.6208358,2.343,6.011,1.25,1.4,0.031,1.25,True,moving,1.06,4.6,484,0,2,0.26
108,21.4,12.9356435,77.62086,4.969,2.894,1.29,,1.39,6,0.64,12.9356738,77.6208358,2.343,6.267,1.25,1.4,0.031,1.25,True,moving,1.06,4.6,484,0,2,0.46
109,21.6,12.9356435,77.62086,4.969,2.894,1.29,,1.39,6,0.84,12.9356763,77.6208359,2.354,6.546,1.25,1.4,0.031,1.25,True,moving,1.06,4.6,484,0,2,0.66
110,21.8,12.9356435,77.62086,4.969,2.894,0.0,,1.56,6,0.05,12.9356729,77.6208399,2.788,6.167,1.1,7.0,0.134,1.092,True,moving,1.1,4.7,485,0,2,0.02
111,22.0,12.9356435,77.62086,4.969,2.894,0.0,,1.56,6,0.24,12.9356729,77.6208399,2.788,6.167,1.1,7.0,0.134,1.092,True,moving,1.1,4.7,485,0,2,0.21
112,22.2,12.9356435,77.62086,4.969,2.894,0.0,,1.56,6,0.44,12.9356751,77.6208402,2.821,6.412,1.1,7.0,0.134,1.092,True,moving,1.1,4.7,485,0,2,0.41
113,22.4,12.9356435,77.62086,4.969,2.894,0.0,,1.56,6,0.64,12.9356772,77.6208405,2.853,6.646,1.1,7.0,0.134,1.092,True,moving,1.1,4.7,485,0,2,0.61
114,22.6,12.9356435,77.62086,4.969,2.894,0.0,,1.56,6,0.84,12.9356793,77.6208407,2.875,6.88,1.1,7.0,0.134,1.092,True,moving,1.1,4.7,485,0,2,0.81
115,22.8,12.9356313,77.6208515,4.047,1.536,2.06,,1.39,6,0.04,12.9356814,77.620841,2.908,7.113,1.1,7.0,0.134,1.092,True,moving,1.1,4.7,485,0,2,1.01
116,23.0,12.9356313,77.6208515,4.047,1.536,2.06,,1.39,6,0.24,12.9356791,77.6208425,3.07,6.857,1.97,0.4,0.014,1.97,True,moving,1.39,5.92,486,0,2,0.13
117,23.2,12.9356313,77.6208515,4.047,1.536,2.06,,1.39,6,0.44,12.9356829,77.6208425,3.07,7.28,1.97,0.4,0.014,1.97,True,moving,1.39,5.92,486,0,2,0.33
118,23.4,12.9356313,77.6208515,4.047,1.536,2.06,,1.39,6,0.64,12.9356867,77.6208425,3.07,7.703,1.97,0.4,0.014,1.97,True,moving,1.39,5.92,486,0,2,0.53
119,23.6,12.9356313,77.6208515,4.047,1.536,2.06,,1.39,6,0.84,12.9356905,77.6208426,3.081,8.126,1.97,0.4,0.014,1.97,True,moving,1.39,5.92,486,0,2,0.73
120,23.8,12.9356313,77.6208515,4.047,1.536,0.0,,1.39,6,0.04,12.9356943,77.6208426,3.081,8.549,1.97,0.4,0.014,1.97,True,moving,1.39,5.92,486,0,2,0.93
121,24.0,12.9356313,77.6208515,4.047,1.536,0.0,,1.39,6,0.24,12.9356832,77.6208446,3.298,7.314,1.47,3.1,0.079,1.468,True,moving,1.9,7.49,487,0,2,0.05
122,24.2,12.9356313,77.6208515,4.047,1.536,0.0,,1.39,6,0.44,12.935686,77.6208447,3.309,7.625,1.47,3.1,0.079,1.468,True,moving,1.9,7.49,487,0,2,0.25
123,24.4,12.9356313,77.6208515,4.047,1.536,0.0,,1.39,6,0.64,12.9356888,77.6208449,3.331,7.937,1.47,3.1,0.079,1.468,True,moving,1.9,7.49,487,0,2,0.45
124,24.6,12.9356313,77.6208515,4.047,1.536,0.0,,1.39,6,0.84,12.9356916,77.6208451,3.352,8.249,1.47,3.1,0.079,1.468,True,moving,1.9,7.49,487,0,2,0.65
125,24.8,12.9356465,77.620841,2.908,3.228,0.0,,1.2,6,0.06,12.9356762,77.6208436,3.19,6.534,0.48,359.4,-0.005,0.48,True,moving,1.41,5.36,488,0,2,0.02
126,25.0,12.9356465,77.620841,2.908,3.228,0.0,,1.2,6,0.24,12.9356762,77.6208436,3.19,6.534,0.48,359.4,-0.005,0.48,True,moving,1.41,5.36,488,0,2,0.2
127,25.2,12.9356465,77.620841,2.908,3.228,0.0,,1.2,6,0.44,12.9356772,77.6208436,3.19,6.646,0.48,359.4,-0.005,0.48,True,moving,1.41,5.36,488,0,2,0.4
128,25.4,12.9356465,77.620841,2.908,3.228,0.0,,1.2,6,0.64,12.9356781,77.6208436,3.19,6.746,0.48,359.4,-0.005,0.48,True,moving,1.41,5.36,488,0,2,0.6
129,25.6,12.9356465,77.620841,2.908,3.228,0.0,,1.2,6,0.84,12.935679,77.6208436,3.19,6.846,0.48,359.4,-0.005,0.48,True,moving,1.41,5.36,488,0,2,0.8
130,25.8,12.9356575,77.6208347,2.224,4.453,0.0,,1.74,6,0.04,12.9356799,77.6208436,3.19,6.946,0.48,359.4,-0.005,0.48,True,moving,1.41,5.36,488,0,2,1.0
131,26.0,12.9356575,77.6208347,2.224,4.453,0.0,,1.74,6,0.24,12.9356727,77.6208405,2.853,6.145,0.17,,0.0,0.0,True,stationary,0.51,2.77,489,0,2,0.13
132,26.2,12.9356575,77.6208347,2.224,4.453,0.0,,1.74,6,0.44,12.9356727,77.6208401,2.81,6.145,0.17,,0.0,0.0,True,stationary,0.51,2.77,489,0,2,0.33
133,26.4,12.9356575,77.6208347,2.224,4.453,0.0,,1.74,6,0.64,12.9356728,77.6208398,2.777,6.156,0.16,,0.0,0.0,True,stationary,0.51,2.77,489,0,2,0.53
134,26.6,12.9356575,77.6208347,2.224,4.453,0.0,,1.74,6,0.84,12.9356728,77.6208395,2.745,6.156,0.15,,0.0,0.0,True,stationary,0.51,2.77,489,0,2,0.73
135,26.8,12.9356575,77.6208347,2.224,4.453,0.0,,1.51,6,0.04,12.9356729,77.6208393,2.723,6.167,0.15,,0.0,0.0,True,stationary,0.51,2.77,489,0,2,0.93
136,27.0,12.9356575,77.6208347,2.224,4.453,0.0,,1.51,6,0.24,12.9356646,77.6208367,2.441,5.243,0.4,215.5,-0.232,-0.326,True,stationary,0.32,1.78,490,0,2,0.07
137,27.2,12.9356575,77.6208347,2.224,4.453,0.0,,1.51,6,0.44,12.935664,77.6208362,2.387,5.176,0.38,,0.0,0.0,True,stationary,0.32,1.78,490,0,2,0.27
138,27.4,12.9356575,77.6208347,2.224,4.453,0.0,,1.51,6,0.64,12.9356634,77.6208358,2.343,5.11,0.37,,0.0,0.0,True,stationary,0.32,1.78,490,0,2,0.47
139,27.6,12.9356575,77.6208347,2.224,4.453,0.0,,1.51,6,0.84,12.9356629,77.6208354,2.3,5.054,0.35,,0.0,0.0,True,stationary,0.32,1.78,490,0,2,0.67
140,27.8,12.9356575,77.6208347,2.224,4.453,0.0,,1.2,6,0.04,12.9356594,77.6208348,2.235,4.664,0.43,208.2,-0.203,-0.379,True,moving,0.11,0.54,491,0,2,0.02
141,28.0,12.9356575,77.6208347,2.224,4.453,0.0,,1.2,6,0.25,12.9356587,77.6208344,2.192,4.586,0.43,208.2,-0.203,-0.379,True,moving,0.11,0.54,491,0,2,0.23
142,28.2,12.9356575,77.6208347,2.224,4.453,0.0,,1.2,6,0.44,12.9356587,77.6208344,2.192,4.586,0.43,208.2,-0.203,-0.379,True,moving,0.11,0.54,491,0,2,0.42
143,28.4,12.9356575,77.6208347,2.224,4.453,0.0,,1.2,6,0.64,12.9356579,77.620834,2.148,4.497,0.43,208.2,-0.203,-0.379,True,moving,0.11,0.54,491,0,2,0.62
144,28.6,12.9356575,77.6208347,2.224,4.453,0.0,,1.2,6,0.84,12.9356572,77.6208336,2.105,4.419,0.43,208.2,-0.203,-0.379,True,moving,0.11,0.54,491,0,2,0.82
145,28.8,12.9356497,77.6208417,2.984,3.584,1.15,,1.51,6,0.04,12.9356565,77.6208332,2.061,4.341,0.43,208.2,-0.203,-0.379,True,moving,0.11,0.54,491,0,2,1.02
146,29.0,12.9356497,77.6208417,2.984,3.584,1.15,,1.51,6,0.24,12.9356672,77.6208373,2.506,5.533,1.05,359.8,-0.004,1.05,True,moving,0.23,1.18,492,0,2,0.14
147,29.2,12.9356497,77.6208417,2.984,3.584,1.15,,1.51,6,0.44,12.9356692,77.6208372,2.495,5.755,1.05,359.8,-0.004,1.05,True,moving,0.23,1.18,492,0,2,0.34
148,29.4,12.9356497,77.6208417,2.984,3.584,1.15,,1.51,6,0.64,12.9356713,77.6208372,2.495,5.989,1.05,359.8,-0.004,1.05,True,moving,0.23,1.18,492,0,2,0.54
149,29.6,12.9356497,77.6208417,2.984,3.584,1.15,,1.51,6,0.84,12.9356733,77.6208372,2.495,6.212,1.05,359.8,-0.004,1.05,True,moving,0.23,1.18,492,0,2,0.74
150,29.8,12.9356497,77.6208417,2.984,3.584,0.0,,1.39,6,0.04,12.9356753,77.6208372,2.495,6.434,1.05,359.8,-0.004,1.05,True,moving,0.23,1.18,492,0,2,0.94
151,30.0,12.9356497,77.6208417,2.984,3.584,0.0,,1.39,6,0.24,12.935669,77.6208386,2.647,5.733,0.86,1.7,0.026,0.86,True,moving,0.75,3.12,493,0,2,0.06
152,30.2,12.9356497,77.6208417,2.984,3.584,0.0,,1.39,6,0.44,12.9356707,77.6208386,2.647,5.922,0.86,1.7,0.026,0.86,True,moving,0.75,3.12,493,0,2,0.26
153,30.4,12.9356497,77.6208417,2.984,3.584,0.0,,1.39,6,0.64,12.9356724,77.6208387,2.658,6.111,0.86,1.7,0.026,0.86,True,moving,0.75,3.12,493,0,2,0.46
154,30.6,12.9356497,77.6208417,2.984,3.584,0.0,,1.39,6,0.84,12.935674,77.6208387,2.658,6.29,0.86,1.7,0.026,0.86,True,moving,0.75,3.12,493,0,2,0.66
155,30.8,12.9356513,77.6208428,3.103,3.763,1.21,,1.7,6,0.05,12.9356735,77.6208393,2.723,6.234,1.18,0.2,0.004,1.18,True,moving,0.56,2.75,494,0,2,0.02
156,31.0,12.9356513,77.6208428,3.103,3.763,1.21,,1.7,6,0.24,12.9356735,77.6208393,2.723,6.234,1.18,0.2,0.004,1.18,True,moving,0.56,2.75,494,0,2,0.21
157,31.2,12.9356513,77.6208428,3.103,3.763,1.21,,1.7,6,0.44,12.9356759,77.6208393,2.723,6.501,1.18,0.2,0.004,1.18,True,moving,0.56,2.75,494,0,2,0.41
158,31.4,12.9356513,77.6208428,3.103,3.763,1.21,,1.7,6,0.64,12.9356781,77.6208393,2.723,6.746,1.18,0.2,0.004,1.18,True,moving,0.56,2.75,494,0,2,0.61
159,31.6,12.9356513,77.6208428,3.103,3.763,1.21,,1.7,6,0.84,12.9356804,77.6208393,2.723,7.002,1.18,0.2,0.004,1.18,True,moving,0.56,2.75,494,0,2,0.81
160,31.8,12.9356513,77.6208428,3.103,3.763,0.0,,1.51,6,0.04,12.9356826,77.6208394,2.734,7.247,1.18,0.2,0.004,1.18,True,moving,0.56,2.75,494,0,2,1.01
161,32.0,12.9356513,77.6208428,3.103,3.763,0.0,,1.51,6,0.24,12.9356772,77.6208401,2.81,6.646,0.97,1.4,0.024,0.97,True,moving,0.87,3.76,495,0,2,0.13
162,32.2,12.9356513,77.6208428,3.103,3.763,0.0,,1.51,6,0.44,12.9356791,77.6208402,2.821,6.857,0.97,1.4,0.024,0.97,True,moving,0.87,3.76,495,0,2,0.33
163,32.4,12.9356513,77.6208428,3.103,3.763,0.0,,1.51,6,0.64,12.935681,77.6208402,2.821,7.069,0.97,1.4,0.024,0.97,True,moving,0.87,3.76,495,0,2,0.53
164,32.6,12.9356513,77.6208428,3.103,3.763,0.0,,1.51,6,0.84,12.9356828,77.6208403,2.832,7.269,0.97,1.4,0.024,0.97,True,moving,0.87,3.76,495,0,2,0.73
165,32.8,12.9356513,77.6208428,3.103,3.763,0.0,,1.39,6,0.04,12.9356847,77.6208403,2.832,7.481,0.97,1.4,0.024,0.97,True,moving,0.87,3.76,495,0,2,0.93
166,33.0,12.9356513,77.6208428,3.103,3.763,0.0,,1.39,6,0.24,12.9356732,77.6208413,2.94,6.2,0.31,,0.0,0.0,True,stationary,0.89,3.93,496,0,2,0.07
167,33.2,12.9356513,77.6208428,3.103,3.763,0.0,,1.39,6,0.44,12.9356737,77.6208414,2.951,6.256,0.29,,0.0,0.0,True,stationary,0.89,3.93,496,0,2,0.27
168,33.4,12.9356513,77.6208428,3.103,3.763,0.0,,1.39,6,0.64,12.9356742,77.6208416,2.973,6.312,0.28,,0.0,0.0,True,stationary,0.89,3.93,496,0,2,0.47
169,33.6,12.9356513,77.6208428,3.103,3.763,0.0,,1.39,6,0.84,12.9356747,77.6208417,2.984,6.367,0.27,,0.0,0.0,True,stationary,0.89,3.93,496,0,2,0.67
170,33.8,12.9356513,77.6208428,3.103,3.763,0.0,,1.2,6,0.04,12.9356627,77.6208423,3.049,5.032,0.36,,0.0,0.0,True,stationary,0.61,2.66,497,0,2,0.02
171,34.0,12.9356513,77.6208428,3.103,3.763,0.0,,1.2,6,0.25,12.935662,77.6208425,3.07,4.954,0.34,,0.0,0.0,True,stationary,0.61,2.66,497,0,2,0.23
172,34.2,12.9356513,77.6208428,3.103,3.763,0.0,,1.2,6,0.44,12.935662,77.6208425,3.07,4.954,0.34,,0.0,0.0,True,stationary,0.61,2.66,497,0,2,0.42
173,34.4,12.9356513,77.6208428,3.103,3.763,0.0,,1.2,6,0.64,12.9356614,77.6208426,3.081,4.887,0.33,,0.0,0.0,True,stationary,0.61,2.66,497,0,2,0.62
174,34.6,12.9356513,77.6208428,3.103,3.763,0.0,,1.2,6,0.84,12.9356608,77.6208428,3.103,4.82,0.31,,0.0,0.0,True,stationary,0.61,2.66,497,0,2,0.82
175,34.8,12.9356542,77.620852,4.101,4.085,1.12,,1.26,6,0.04,12.9356603,77.6208429,3.114,4.764,0.3,,0.0,0.0,True,stationary,0.61,2.66,497,0,2,1.02
176,35.0,12.9356542,77.620852,4.101,4.085,1.12,,1.26,6,0.24,12.9356794,77.620844,3.233,6.891,0.95,1.7,0.028,0.95,True,moving,0.25,1.15,498,0,2,0.15
177,35.2,12.9356542,77.620852,4.101,4.085,1.12,,1.26,6,0.44,12.9356812,77.6208441,3.244,7.091,0.95,1.7,0.028,0.95,True,moving,0.25,1.15,498,0,2,0.35
178,35.4,12.9356542,77.620852,4.101,4.085,1.12,,1.26,6,0.64,12.935683,77.6208441,3.244,7.291,0.95,1.7,0.028,0.95,True,moving,0.25,1.15,498,0,2,0.55
179,35.6,12.9356542,77.620852,4.101,4.085,1.12,,1.26,6,0.84,12.9356849,77.6208442,3.255,7.503,0.95,1.7,0.028,0.95,True,moving,0.25,1.15,498,0,2,0.75
180,35.8,12.9356542,77.620852,4.101,4.085,0.0,,1.39,6,0.04,12.9356867,77.6208442,3.255,7.703,0.95,1.7,0.028,0.95,True,moving,0.25,1.15,498,0,2,0.95
181,36.0,12.9356542,77.620852,4.101,4.085,0.0,,1.39,6,0.24,12.9356811,77.620846,3.45,7.08,0.67,7.7,0.09,0.664,True,moving,1.0,3.91,499,0,2,0.08
182,36.2,12.9356542,77.620852,4.101,4.085,0.0,,1.39,6,0.44,12.9356823,77.6208461,3.461,7.214,0.67,7.7,0.09,0.664,True,moving,1.0,3.91,499,0,2,0.28
183,36.4,12.9356542,77.620852,4.101,4.085,0.0,,1.39,6,0.64,12.9356836,77.6208463,3.483,7.358,0.67,7.7,0.09,0.664,True,moving,1.0,3.91,499,0,2,0.48
184,36.6,12.9356542,77.620852,4.101,4.085,0.0,,1.39,6,0.84,12.9356849,77.6208465,3.504,7.503,0.67,7.7,0.09,0.664,True,moving,1.0,3.91,499,0,2,0.68
185,36.801,12.9356542,77.620852,4.101,4.085,0.0,,1.39,6,0.04,12.935676,77.6208484,3.711,6.512,0.21,,0.0,0.0,True,stationary,0.86,3.61,500,0,2,0.02
186,37.0,12.9356542,77.620852,4.101,4.085,0.0,,1.39,6,0.25,12.9356762,77.6208487,3.743,6.534,0.2,,0.0,0.0,True,stationary,0.86,3.61,500,0,2,0.24
187,37.2,12.9356542,77.620852,4.101,4.085,0.0,,1.39,6,0.44,12.9356762,77.6208487,3.743,6.534,0.2,,0.0,0.0,True,stationary,0.86,3.61,500,0,2,0.42
188,37.4,12.9356542,77.620852,4.101,4.085,0.0,,1.39,6,0.64,12.9356764,77.620849,3.776,6.557,0.19,,0.0,0.0,True,stationary,0.86,3.61,500,0,2,0.62
189,37.6,12.9356542,77.620852,4.101,4.085,0.0,,1.39,6,0.84,12.9356766,77.6208494,3.819,6.579,0.18,,0.0,0.0,True,stationary,0.86,3.61,500,0,2,0.82
190,37.8,12.9356542,77.620852,4.101,4.085,0.0,,5.98,6,0.04,12.9356768,77.6208497,3.852,6.601,0.18,,0.0,0.0,True,stationary,0.86,3.61,500,0,2,1.02
191,38.0,12.9356542,77.620852,4.101,4.085,0.0,,5.98,6,0.24,12.9356759,77.62085,3.884,6.501,0.15,,0.0,0.0,True,stationary,0.17,2.54,501,0,2,0.14
192,38.2,12.9356542,77.620852,4.101,4.085,0.0,,5.98,6,0.44,12.935676,77.6208503,3.917,6.512,0.15,,0.0,0.0,True,stationary,0.17,2.54,501,0,2,0.34
193,38.4,12.9356542,77.620852,4.101,4.085,0.0,,5.98,6,0.64,12.9356761,77.6208506,3.949,6.523,0.14,,0.0,0.0,True,stationary,0.17,2.54,501,0,2,0.54
194,38.6,12.9356542,77.620852,4.101,4.085,0.0,,5.98,6,0.84,12.9356761,77.6208508,3.971,6.523,0.13,,0.0,0.0,True,stationary,0.17,2.54,501,0,2,0.74
195,38.8,12.9356542,77.620852,4.101,4.085,0.0,,1.74,6,0.04,12.9356762,77.6208511,4.003,6.534,0.13,,0.0,0.0,True,stationary,0.17,2.54,501,0,2,0.94
196,39.0,12.9356542,77.620852,4.101,4.085,0.0,,1.74,6,0.24,12.9356644,77.6208517,4.069,5.221,0.39,,0.0,0.0,True,stationary,0.38,2.45,502,0,2,0.07
197,39.2,12.9356542,77.620852,4.101,4.085,0.0,,1.74,6,0.44,12.9356637,77.6208519,4.09,5.143,0.38,,0.0,0.0,True,stationary,0.38,2.45,502,0,2,0.27
198,39.4,12.9356542,77.620852,4.101,4.085,0.0,,1.74,6,0.64,12.9356631,77.6208522,4.123,5.076,0.36,,0.0,0.0,True,stationary,0.38,2.45,502,0,2,0.47
199,39.6,12.9356542,77.620852,4.101,4.085,0.0,,1.74,6,0.84,12.9356625,77.6208524,4.144,5.009,0.35,,0.0,0.0,True,stationary,0.38,2.45,502,0,2,0.67
200,39.8,12.9356542,77.620852,4.101,4.085,0.0,,1.74,6,0.04,12.9356583,77.6208523,4.134,4.542,0.42,166.0,0.102,-0.408,True,moving,0.14,0.85,503,0,2,0.02
201,40.0,12.9356542,77.620852,4.101,4.085,0.0,,1.74,6,0.25,12.9356575,77.6208525,4.155,4.453,0.42,166.0,0.102,-0.408,True,moving,0.14,0.85,503,0,2,0.23
202,40.2,12.9356542,77.620852,4.101,4.085,0.0,,1.74,6,0.44,12.9356575,77.6208525,4.155,4.453,0.42,166.0,0.102,-0.408,True,moving,0.14,0.85,503,0,2,0.42
203,40.4,12.9356542,77.620852,4.101,4.085,0.0,,1.74,6,0.64,12.9356567,77.6208527,4.177,4.364,0.42,166.0,0.102,-0.408,True,moving,0.14,0.85,503,0,2,0.62
204,40.6,12.9356542,77.620852,4.101,4.085,0.0,,1.74,6,0.84,12.9356559,77.6208529,4.199,4.275,0.42,166.0,0.102,-0.408,True,moving,0.14,0.85,503,0,2,0.82
205,40.8,12.9356542,77.620852,4.101,4.085,0.0,,1.74,6,0.04,12.9356551,77.6208531,4.22,4.186,0.42,166.0,0.102,-0.408,True,moving,0.14,0.85,503,0,2,1.02
206,41.0,12.9356542,77.620852,4.101,4.085,0.0,,1.74,6,0.24,12.9356543,77.6208527,4.177,4.097,0.42,168.2,0.086,-0.411,True,moving,0.03,0.15,504,0,2,0.15
207,41.2,12.9356542,77.620852,4.101,4.085,0.0,,1.74,6,0.44,12.9356535,77.6208529,4.199,4.008,0.42,168.2,0.086,-0.411,True,moving,0.03,0.15,504,0,2,0.35
208,41.4,12.9356542,77.620852,4.101,4.085,0.0,,1.74,6,0.64,12.9356527,77.6208531,4.22,3.918,0.42,168.2,0.086,-0.411,True,moving,0.03,0.15,504,0,2,0.55
209,41.6,12.9356542,77.620852,4.101,4.085,0.0,,1.74,6,0.84,12.9356519,77.6208533,4.242,3.829,0.42,168.2,0.086,-0.411,True,moving,0.03,0.15,504,0,2,0.75
210,41.8,12.9356542,77.620852,4.101,4.085,0.0,,1.74,6,0.04,12.935651,77.6208534,4.253,3.729,0.42,168.2,0.086,-0.411,True,moving,0.03,0.15,504,0,2,0.95
211,42.0,12.9356542,77.620852,4.101,4.085,0.0,,1.74,6,0.24,12.935652,77.6208529,4.199,3.841,0.36,,0.0,0.0,True,stationary,0.08,0.48,505,0,2,0.06
212,42.2,12.9356542,77.620852,4.101,4.085,0.0,,1.74,6,0.44,12.9356514,77.620853,4.21,3.774,0.34,,0.0,0.0,True,stationary,0.08,0.48,505,0,2,0.26
213,42.4,12.9356542,77.620852,4.101,4.085,0.0,,1.74,6,0.64,12.9356508,77.6208531,4.22,3.707,0.33,,0.0,0.0,True,stationary,0.08,0.48,505,0,2,0.46
214,42.6,12.9356542,77.620852,4.101,4.085,0.0,,1.74,6,0.84,12.9356502,77.6208532,4.231,3.64,0.31,,0.0,0.0,True,stationary,0.08,0.48,505,0,2,0.66
215,42.8,12.9356542,77.620852,4.101,4.085,0.0,,1.39,6,0.05,12.9356522,77.6208526,4.166,3.863,0.2,,0.0,0.0,True,stationary,0.1,0.53,506,0,2,0.02
216,43.0,12.9356542,77.620852,4.101,4.085,0.0,,1.39,6,0.24,12.9356522,77.6208526,4.166,3.863,0.2,,0.0,0.0,True,stationary,0.1,0.53,506,0,2,0.21
217,43.2,12.9356542,77.620852,4.101,4.085,0.0,,1.39,6,0.44,12.9356518,77.6208526,4.166,3.818,0.19,,0.0,0.0,True,stationary,0.1,0.53,506,0,2,0.41
218,43.4,12.9356542,77.620852,4.101,4.085,0.0,,1.39,6,0.64,12.9356514,77.6208527,4.177,3.774,0.19,,0.0,0.0,True,stationary,0.1,0.53,506,0,2,0.61
219,43.6,12.9356542,77.620852,4.101,4.085,0.0,,1.39,6,0.84,12.9356511,77.6208527,4.177,3.74,0.18,,0.0,0.0,True,stationary,0.1,0.53,506,0,2,0.81
220,43.8,12.9356542,77.620852,4.101,4.085,0.0,,1.7,6,0.04,12.9356508,77.6208528,4.188,3.707,0.17,,0.0,0.0,True,stationary,0.1,0.53,506,0,2,1.01
221,44.0,12.9356542,77.620852,4.101,4.085,0.0,,1.7,6,0.24,12.9356521,77.6208525,4.155,3.852,0.11,,0.0,0.0,True,stationary,0.08,0.43,507,0,2,0.13
222,44.2,12.9356542,77.620852,4.101,4.085,0.0,,1.7,6,0.44,12.9356519,77.6208525,4.155,3.829,0.1,,0.0,0.0,True,stationary,0.08,0.43,507,0,2,0.33
223,44.4,12.9356542,77.620852,4.101,4.085,0.0,,1.7,6,0.64,12.9356517,77.6208525,4.155,3.807,0.1,,0.0,0.0,True,stationary,0.08,0.43,507,0,2,0.53
224,44.6,12.9356542,77.620852,4.101,4.085,0.0,,1.7,6,0.84,12.9356515,77.6208525,4.155,3.785,0.09,,0.0,0.0,True,stationary,0.08,0.43,507,0,2,0.73
225,44.8,12.9356542,77.620852,4.101,4.085,0.0,,1.7,6,0.04,12.9356513,77.6208525,4.155,3.763,0.09,,0.0,0.0,True,stationary,0.08,0.43,507,0,2,0.93
226,45.0,12.9356542,77.620852,4.101,4.085,0.0,,1.7,6,0.24,12.9356525,77.6208523,4.134,3.896,0.05,,0.0,0.0,True,stationary,0.06,0.34,508,0,2,0.05
227,45.2,12.9356542,77.620852,4.101,4.085,0.0,,1.7,6,0.44,12.9356524,77.6208523,4.134,3.885,0.04,,0.0,0.0,True,stationary,0.06,0.34,508,0,2,0.25
228,45.4,12.9356542,77.620852,4.101,4.085,0.0,,1.7,6,0.64,12.9356523,77.6208523,4.134,3.874,0.04,,0.0,0.0,True,stationary,0.06,0.34,508,0,2,0.45
229,45.6,12.9356542,77.620852,4.101,4.085,0.0,,1.7,6,0.84,12.9356523,77.6208523,4.134,3.874,0.04,,0.0,0.0,True,stationary,0.06,0.34,508,0,2,0.66
230,45.8,12.935657,77.6208652,5.533,4.397,1.24,,1.74,6,0.06,12.9356804,77.6208546,4.383,7.002,1.03,1.2,0.022,1.03,True,moving,0.27,1.5,509,0,2,0.02
231,46.0,12.935657,77.6208652,5.533,4.397,1.24,,1.74,6,0.24,12.9356804,77.6208546,4.383,7.002,1.03,1.2,0.022,1.03,True,moving,0.27,1.5,509,0,2,0.2
232,46.2,12.935657,77.6208652,5.533,4.397,1.24,,1.74,6,0.44,12.9356824,77.6208546,4.383,7.225,1.03,1.2,0.022,1.03,True,moving,0.27,1.5,509,0,2,0.4
233,46.4,12.935657,77.6208652,5.533,4.397,1.24,,1.74,6,0.64,12.9356844,77.6208547,4.394,7.447,1.03,1.2,0.022,1.03,True,moving,0.27,1.5,509,0,2,0.6
234,46.6,12.935657,77.6208652,5.533,4.397,1.24,,1.74,6,0.84,12.9356864,77.6208547,4.394,7.67,1.03,1.2,0.022,1.03,True,moving,0.27,1.5,509,0,2,0.8
235,46.8,12.935657,77.6208652,5.533,4.397,0.0,,1.39,6,0.04,12.9356883,77.6208547,4.394,7.881,1.03,1.2,0.022,1.03,True,moving,0.27,1.5,509,0,2,1.0
236,47.0,12.935657,77.6208652,5.533,4.397,0.0,,1.39,6,0.24,12.935681,77.6208577,4.72,7.069,0.76,7.8,0.103,0.753,True,moving,0.95,3.87,510,0,2,0.13
237,47.2,12.935657,77.6208652,5.533,4.397,0.0,,1.39,6,0.44,12.9356824,77.6208579,4.741,7.225,0.76,7.8,0.103,0.753,True,moving,0.95,3.87,510,0,2,0.33
238,47.4,12.935657,77.6208652,5.533,4.397,0.0,,1.39,6,0.64,12.9356839,77.6208581,4.763,7.392,0.76,7.8,0.103,0.753,True,moving,0.95,3.87,510,0,2,0.53
239,47.6,12.935657,77.6208652,5.533,4.397,0.0,,1.39,6,0.84,12.9356853,77.6208583,4.785,7.547,0.76,7.8,0.103,0.753,True,moving,0.95,3.87,510,0,2,0.73
240,47.8,12.935657,77.6208652,5.533,4.397,0.0,,1.74,6,0.04,12.9356868,77.6208585,4.806,7.714,0.76,7.8,0.103,0.753,True,moving,0.95,3.87,510,0,2,0.93
241,48.0,12.935657,77.6208652,5.533,4.397,0.0,,1.74,6,0.24,12.9356793,77.6208606,5.034,6.88,0.37,,0.0,0.0,True,stationary,0.69,3.55,511,0,2,0.07
242,48.2,12.935657,77.6208652,5.533,4.397,0.0,,1.74,6,0.44,12.9356799,77.6208609,5.067,6.946,0.36,,0.0,0.0,True,stationary,0.69,3.55,511,0,2,0.27
243,48.4,12.935657,77.6208652,5.533,4.397,0.0,,1.74,6,0.64,12.9356805,77.6208613,5.11,7.013,0.34,,0.0,0.0,True,stationary,0.69,3.55,511,0,2,0.47
244,48.6,12.935657,77.6208652,5.533,4.397,0.0,,1.74,6,0.84,12.935681,77.6208616,5.143,7.069,0.33,,0.0,0.0,True,stationary,0.69,3.55,511,0,2,0.67
245,48.8,12.935657,77.6208652,5.533,4.397,0.0,,1.39,6,0.04,12.9356696,77.6208635,5.349,5.8,0.36,,0.0,0.0,True,stationary,0.57,2.75,512,0,2,0.02
246,49.0,12.935657,77.6208652,5.533,4.397,0.0,,1.39,6,0.25,12.9356691,77.620864,5.403,5.744,0.34,,0.0,0.0,True,stationary,0.57,2.75,512,0,2,0.23
247,49.2,12.935657,77.6208652,5.533,4.397,0.0,,1.39,6,0.44,12.9356691,77.620864,5.403,5.744,0.34,,0.0,0.0,True,stationary,0.57,2.75,512,0,2,0.42
248,49.4,12.935657,77.6208652,5.533,4.397,0.0,,1.39,6,0.64,12.9356686,77.6208644,5.446,5.688,0.33,,0.0,0.0,True,stationary,0.57,2.75,512,0,2,0.62
249,49.6,12.935657,77.6208652,5.533,4.397,0.0,,1.39,6,0.84,12.9356681,77.6208648,5.49,5.633,0.31,,0.0,0.0,True,stationary,0.57,2.75,512,0,2,0.82
250,49.8,12.9356737,77.6208647,5.479,6.256,0.0,,1.74,6,0.04,12.9356677,77.6208652,5.533,5.588,0.3,,0.0,0.0,True,stationary,0.57,2.75,512,0,2,1.02
251,50.0,12.9356737,77.6208647,5.479,6.256,0.0,,1.74,6,0.24,12.9356699,77.6208652,5.533,5.833,0.21,,0.0,0.0,True,stationary,0.13,0.72,513,0,2,0.14
252,50.2,12.9356737,77.6208647,5.479,6.256,0.0,,1.74,6,0.44,12.9356697,77.6208655,5.566,5.811,0.2,,0.0,0.0,True,stationary,0.13,0.72,513,0,2,0.34
253,50.4,12.9356737,77.6208647,5.479,6.256,0.0,,1.74,6,0.64,12.9356695,77.6208658,5.598,5.789,0.2,,0.0,0.0,True,stationary,0.13,0.72,513,0,2,0.54
254,50.6,12.9356737,77.6208647,5.479,6.256,0.0,,1.74,6,0.84,12.9356693,77.6208662,5.642,5.766,0.19,,0.0,0.0,True,stationary,0.13,0.72,513,0,2,0.74
255,50.8,12.9356818,77.6208807,7.215,7.158,0.0,,1.74,6,0.04,12.9356691,77.6208664,5.663,5.744,0.18,,0.0,0.0,True,stationary,0.13,0.72,513,0,2,0.94
256,51.0,12.9356818,77.6208807,7.215,7.158,0.0,,1.74,6,0.24,12.9356745,77.6208728,6.358,6.345,0.32,,0.0,0.0,True,stationary,0.36,2.09,514,0,2,0.06
257,51.2,12.9356818,77.6208807,7.215,7.158,0.0,,1.74,6,0.44,12.9356746,77.6208734,6.423,6.356,0.31,,0.0,0.0,True,stationary,0.36,2.09,514,0,2,0.26
258,51.4,12.9356818,77.6208807,7.215,7.158,0.0,,1.74,6,0.64,12.9356747,77.6208739,6.477,6.367,0.29,,0.0,0.0,True,stationary,0.36,2.09,514,0,2,0.46
259,51.6,12.9356818,77.6208807,7.215,7.158,0.0,,1.74,6,0.84,12.9356748,77.6208745,6.542,6.379,0.28,,0.0,0.0,True,stationary,0.36,2.09,514,0,2,0.66
260,51.801,12.9356818,77.6208807,7.215,7.158,0.0,,1.74,6,0.05,12.9356777,77.6208773,6.846,6.701,0.34,,0.0,0.0,True,stationary,0.18,0.98,515,0,2,0.02
261,52.0,12.9356818,77.6208807,7.215,7.158,0.0,,1.74,6,0.24,12.9356777,77.6208773,6.846,6.701,0.34,,0.0,0.0,True,stationary,0.18,0.98,515,0,2,0.21
262,52.2,12.9356818,77.6208807,7.215,7.158,0.0,,1.74,6,0.44,12.9356779,77.6208779,6.911,6.724,0.33,,0.0,0.0,True,stationary,0.18,0.98,515,0,2,0.41
263,52.4,12.9356818,77.6208807,7.215,7.158,0.0,,1.74,6,0.64,12.9356781,77.6208785,6.976,6.746,0.31,,0.0,0.0,True,stationary,0.18,0.98,515,0,2,0.61
264,52.6,12.9356818,77.6208807,7.215,7.158,0.0,,1.74,6,0.84,12.9356783,77.620879,7.03,6.768,0.3,,0.0,0.0,True,stationary,0.18,0.98,515,0,2,0.81
265,52.8,12.9356818,77.6208807,7.215,7.158,0.0,,1.51,6,0.04,12.9356785,77.6208795,7.085,6.79,0.29,,0.0,0.0,True,stationary,0.18,0.98,515,0,2,1.01
266,53.0,12.9356818,77.6208807,7.215,7.158,0.0,,1.51,6,0.24,12.9356801,77.6208803,7.171,6.969,0.29,,0.0,0.0,True,stationary,0.07,0.35,516,0,2,0.13
267,53.2,12.9356818,77.6208807,7.215,7.158,0.0,,1.51,6,0.44,12.9356803,77.6208808,7.226,6.991,0.28,,0.0,0.0,True,stationary,0.07,0.35,516,0,2,0.33
268,53.4,12.9356818,77.6208807,7.215,7.158,0.0,,1.51,6,0.64,12.9356806,77.6208813,7.28,7.024,0.27,,0.0,0.0,True,stationary,0.07,0.35,516,0,2,0.53
269,53.6,12.9356818,77.6208807,7.215,7.158,0.0,,1.51,6,0.84,12.9356808,77.6208818,7.334,7.047,0.26,,0.0,0.0,True,stationary,0.07,0.35,516,0,2,0.73
270,53.8,12.9356818,77.6208807,7.215,7.158,0.0,,1.51,6,0.04,12.935681,77.6208822,7.378,7.069,0.24,,0.0,0.0,True,stationary,0.07,0.35,516,0,2,0.93
271,54.0,12.9356818,77.6208807,7.215,7.158,0.0,,1.51,6,0.24,12.9356814,77.6208818,7.334,7.113,0.22,,0.0,0.0,True,stationary,0.04,0.22,517,0,2,0.07
272,54.2,12.9356818,77.6208807,7.215,7.158,0.0,,1.51,6,0.44,12.9356816,77.6208822,7.378,7.136,0.21,,0.0,0.0,True,stationary,0.04,0.22,517,0,2,0.27
273,54.4,12.9356818,77.6208807,7.215,7.158,0.0,,1.51,6,0.64,12.9356818,77.6208826,7.421,7.158,0.21,,0.0,0.0,True,stationary,0.04,0.22,517,0,2,0.47
274,54.6,12.9356818,77.6208807,7.215,7.158,0.0,,1.51,6,0.84,12.935682,77.6208829,7.454,7.18,0.2,,0.0,0.0,True,stationary,0.04,0.22,517,0,2,0.67
275,54.8,12.9356818,77.6208807,7.215,7.158,0.0,,1.51,6,0.04,12.935682,77.6208824,7.399,7.18,0.17,,0.0,0.0,True,stationary,0.06,0.28,518,0,2,0.02
276,55.0,12.9356818,77.6208807,7.215,7.158,0.0,,1.51,6,0.25,12.9356822,77.6208826,7.421,7.202,0.17,,0.0,0.0,True,stationary,0.06,0.28,518,0,2,0.23
277,55.2,12.9356818,77.6208807,7.215,7.158,0.0,,1.51,6,0.44,12.9356822,77.6208826,7.421,7.202,0.17,,0.0,0.0,True,stationary,0.06,0.28,518,0,2,0.42
278,55.4,12.9356818,77.6208807,7.215,7.158,0.0,,1.51,6,0.64,12.9356824,77.6208829,7.454,7.225,0.16,,0.0,0.0,True,stationary,0.06,0.28,518,0,2,0.62
279,55.6,12.9356818,77.6208807,7.215,7.158,0.0,,1.51,6,0.84,12.9356825,77.6208832,7.486,7.236,0.15,,0.0,0.0,True,stationary,0.06,0.28,518,0,2,0.82
280,55.8,12.9356858,77.6208823,7.388,7.603,1.53,,1.74,6,0.04,12.9356827,77.6208834,7.508,7.258,0.15,,0.0,0.0,True,stationary,0.06,0.28,518,0,2,1.02
281,56.0,12.9356858,77.6208823,7.388,7.603,1.53,,1.74,6,0.24,12.9357166,77.6208806,7.204,11.032,0.9,3.2,0.05,0.899,True,moving,0.07,0.37,519,0,2,0.15
282,56.2,12.9356858,77.6208823,7.388,7.603,1.53,,1.74,6,0.44,12.9357183,77.6208807,7.215,11.221,0.9,3.2,0.05,0.899,True,moving,0.07,0.37,519,0,2,0.35
283,56.4,12.9356858,77.6208823,7.388,7.603,1.53,,1.74,6,0.64,12.93572,77.6208808,7.226,11.41,0.9,3.2,0.05,0.899,True,moving,0.07,0.37,519,0,2,0.55
284,56.6,12.9356858,77.6208823,7.388,7.603,1.53,,1.74,6,0.84,12.9357218,77.6208809,7.237,11.611,0.9,3.2,0.05,0.899,True,moving,0.07,0.37,519,0,2,0.75
285,56.8,12.9356858,77.6208823,7.388,7.603,0.0,,1.2,6,0.04,12.9357235,77.620881,7.247,11.8,0.9,3.2,0.05,0.899,True,moving,0.07,0.37,519,0,2,0.95
286,57.0,12.9356858,77.6208823,7.388,7.603,0.0,,1.2,6,0.24,12.9357121,77.6208815,7.302,10.531,0.51,7.1,0.063,0.506,True,moving,1.19,4.39,520,0,2,0.08
287,57.2,12.9356858,77.6208823,7.388,7.603,0.0,,1.2,6,0.44,12.935713,77.6208816,7.313,10.631,0.51,7.1,0.063,0.506,True,moving,1.19,4.39,520,0,2,0.28
288,57.4,12.9356858,77.6208823,7.388,7.603,0.0,,1.2,6,0.64,12.935714,77.6208817,7.323,10.742,0.51,7.1,0.063,0.506,True,moving,1.19,4.39,520,0,2,0.48
289,57.6,12.9356858,77.6208823,7.388,7.603,0.0,,1.2,6,0.84,12.935715,77.6208819,7.345,10.854,0.51,7.1,0.063,0.506,True,moving,1.19,4.39,520,0,2,0.68
290,57.8,12.9356858,77.6208823,7.388,7.603,0.0,,1.39,6,0.04,12.9357062,77.6208821,7.367,9.874,0.07,,0.0,0.0,True,stationary,0.79,3.35,521,0,2,0.02
291,58.0,12.9356858,77.6208823,7.388,7.603,0.0,,1.39,6,0.24,12.9357062,77.6208821,7.367,9.874,0.07,,0.0,0.0,True,stationary,0.79,3.35,521,0,2,0.22
292,58.2,12.9356858,77.6208823,7.388,7.603,0.0,,1.39,6,0.44,12.9357062,77.6208822,7.378,9.874,0.06,,0.0,0.0,True,stationary,0.79,3.35,521,0,2,0.42
293,58.4,12.9356858,77.6208823,7.388,7.603,0.0,,1.39,6,0.64,12.9357062,77.6208824,7.399,9.874,0.06,,0.0,0.0,True,stationary,0.79,3.35,521,0,2,0.62
294,58.6,12.9356858,77.6208823,7.388,7.603,0.0,,1.39,6,0.84,12.9357062,77.6208825,7.41,9.874,0.06,,0.0,0.0,True,stationary,0.79,3.35,521,0,2,0.82
295,58.8,12.9356858,77.6208823,7.388,7.603,0.0,,1.2,6,0.04,12.9357062,77.6208826,7.421,9.874,0.06,,0.0,0.0,True,stationary,0.79,3.35,521,0,2,1.02
296,59.0,12.9356858,77.6208823,7.388,7.603,0.0,,1.2,6,0.24,12.9356952,77.6208825,7.41,8.65,0.5,174.9,0.044,-0.498,True,moving,0.51,2.28,522,0,2,0.13
297,59.2,12.9356858,77.6208823,7.388,7.603,0.0,,1.2,6,0.44,12.9356942,77.6208826,7.421,8.538,0.5,174.9,0.044,-0.498,True,moving,0.51,2.28,522,0,2,0.33
298,59.4,12.9356858,77.6208823,7.388,7.603,0.0,,1.2,6,0.64,12.9356933,77.6208827,7.432,8.438,0.5,174.9,0.044,-0.498,True,moving,0.51,2.28,522,0,2,0.53
299,59.6,12.9356858,77.6208823,7.388,7.603,0.0,,1.2,6,0.84,12.9356923,77.6208827,7.432,8.327,0.5,174.9,0.044,-0.498,True,moving,0.51,2.28,522,0,2,0.73
300,59.8,12.9356802,77.620865,5.512,6.98,1.32,,1.51,6,0.04,12.9356914,77.6208828,7.443,8.227,0.5,174.9,0.044,-0.498,True,moving,0.51,2.28,522,0,2,0.93
301,60.0,12.9356802,77.620865,5.512,6.98,1.32,,1.51,6,0.24,12.9357045,77.6208777,6.889,9.685,1.21,359.3,-0.015,1.21,True,moving,0.45,2.25,523,0,2,0.06
302,60.2,12.9356802,77.620865,5.512,6.98,1.32,,1.51,6,0.44,12.9357068,77.6208777,6.889,9.941,1.21,359.3,-0.015,1.21,True,moving,0.45,2.25,523,0,2,0.26
303,60.4,12.9356802,77.620865,5.512,6.98,1.32,,1.51,6,0.64,12.9357092,77.6208776,6.879,10.208,1.21,359.3,-0.015,1.21,True,moving,0.45,2.25,523,0,2,0.46
304,60.6,12.9356802,77.620865,5.512,6.98,1.32,,1.51,6,0.84,12.9357115,77.6208776,6.879,10.464,1.21,359.3,-0.015,1.21,True,moving,0.45,2.25,523,0,2,0.66
305,60.8,12.9356802,77.620865,5.512,6.98,0.0,,1.2,6,0.05,12.9357027,77.6208734,6.423,9.484,1.01,354.8,-0.092,1.006,True,moving,1.09,3.98,524,0,2,0.02
306,61.0,12.9356802,77.620865,5.512,6.98,0.0,,1.2,6,0.24,12.9357027,77.6208734,6.423,9.484,1.01,354.8,-0.092,1.006,True,moving,1.09,3.98,524,0,2,0.21
307,61.2,12.9356802,77.620865,5.512,6.98,0.0,,1.2,6,0.44,12.9357047,77.6208732,6.401,9.707,1.01,354.8,-0.092,1.006,True,moving,1.09,3.98,524,0,2,0.41
308,61.4,12.9356802,77.620865,5.512,6.98,0.0,,1.2,6,0.64,12.9357066,77.6208731,6.39,9.919,1.01,354.8,-0.092,1.006,True,moving,1.09,3.98,524,0,2,0.61
309,61.6,12.9356802,77.620865,5.512,6.98,0.0,,1.2,6,0.84,12.9357085,77.6208729,6.369,10.13,1.01,354.8,-0.092,1.006,True,moving,1.09,3.98,524,0,2,0.81
310,61.8,12.9356755,77.6208628,5.273,6.457,1.33,,1.2,6,0.04,12.9357105,77.6208727,6.347,10.353,1.01,354.8,-0.092,1.006,True,moving,1.09,3.98,524,0,2,1.01
311,62.0,12.9356755,77.6208628,5.273,6.457,1.33,,1.2,6,0.24,12.9357037,77.6208703,6.087,9.596,1.28,359.4,-0.013,1.28,True,moving,1.09,4.24,525,0,2,0.14
312,62.2,12.9356755,77.6208628,5.273,6.457,1.33,,1.2,6,0.44,12.9357061,77.6208703,6.087,9.863,1.28,359.4,-0.013,1.28,True,moving,1.09,4.24,525,0,2,0.34
313,62.4,12.9356755,77.6208628,5.273,6.457,1.33,,1.2,6,0.64,12.9357086,77.6208702,6.076,10.141,1.28,359.4,-0.013,1.28,True,moving,1.09,4.24,525,0,2,0.54
314,62.6,12.9356755,77.6208628,5.273,6.457,1.33,,1.2,6,0.84,12.935711,77.6208702,6.076,10.408,1.28,359.4,-0.013,1.28,True,moving,1.09,4.24,525,0,2,0.74
315,62.8,12.9356783,77.620853,4.21,6.768,1.28,,1.38,6,0.04,12.9357135,77.6208702,6.076,10.687,1.28,359.4,-0.013,1.28,True,moving,1.09,4.24,525,0,2,0.94
316,63.0,12.9356783,77.620853,4.21,6.768,1.28,,1.38,6,0.24,12.9357086,77.6208669,5.718,10.141,1.26,359.6,-0.009,1.26,True,moving,1.17,4.58,526,0,2,0.07
317,63.2,12.9356783,77.620853,4.21,6.768,1.28,,1.38,6,0.44,12.935711,77.6208668,5.707,10.408,1.26,359.6,-0.009,1.26,True,moving,1.17,4.58,526,0,2,0.27
318,63.4,12.9356783,77.620853,4.21,6.768,1.28,,1.38,6,0.64,12.9357134,77.6208668,5.707,10.676,1.26,359.6,-0.009,1.26,True,moving,1.17,4.58,526,0,2,0.47
319,63.6,12.9356783,77.620853,4.21,6.768,1.28,,1.38,6,0.84,12.9357159,77.6208668,5.707,10.954,1.26,359.6,-0.009,1.26,True,moving,1.17,4.58,526,0,2,0.67
320,63.8,12.9356783,77.620853,4.21,6.768,0.0,,1.38,6,0.04,12.9357107,77.6208642,5.425,10.375,1.06,355.7,-0.079,1.057,True,moving,1.22,4.7,527,0,2,0.02
321,64.0,12.9356783,77.620853,4.21,6.768,0.0,,1.38,6,0.24,12.9357107,77.6208642,5.425,10.375,1.06,355.7,-0.079,1.057,True,moving,1.22,4.7,527,0,2,0.22
322,64.2,12.9356783,77.620853,4.21,6.768,0.0,,1.38,6,0.44,12.9357129,77.620864,5.403,10.62,1.06,355.7,-0.079,1.057,True,moving,1.22,4.7,527,0,2,0.42
323,64.4,12.9356783,77.620853,4.21,6.768,0.0,,1.38,6,0.64,12.9357149,77.6208638,5.381,10.843,1.06,355.7,-0.079,1.057,True,moving,1.22,4.7,527,0,2,0.62
324,64.6,12.9356783,77.620853,4.21,6.768,0.0,,1.38,6,0.84,12.9357169,77.6208637,5.37,11.065,1.06,355.7,-0.079,1.057,True,moving,1.22,4.7,527,0,2,0.82
325,64.8,12.9356878,77.6208547,4.394,7.826,0.0,,1.38,6,0.04,12.935719,77.6208635,5.349,11.299,1.06,355.7,-0.079,1.057,True,moving,1.22,4.7,527,0,2,1.02
326,65.0,12.9356878,77.6208547,4.394,7.826,0.0,,1.38,6,0.24,12.9357103,77.6208606,5.034,10.33,0.51,333.1,-0.231,0.455,True,moving,0.91,3.81,528,0,2,0.13
327,65.2,12.9356878,77.6208547,4.394,7.826,0.0,,1.38,6,0.44,12.9357112,77.6208601,4.98,10.431,0.51,333.1,-0.231,0.455,True,moving,0.91,3.81,528,0,2,0.33
328,65.4,12.9356878,77.6208547,4.394,7.826,0.0,,1.38,6,0.64,12.9357121,77.6208597,4.936,10.531,0.51,333.1,-0.231,0.455,True,moving,0.91,3.81,528,0,2,0.53
329,65.6,12.9356878,77.6208547,4.394,7.826,0.0,,1.38,6,0.84,12.9357129,77.6208592,4.882,10.62,0.51,333.1,-0.231,0.455,True,moving,0.91,3.81,528,0,2,0.73
330,65.8,12.9356878,77.6208547,4.394,7.826,0.0,,1.56,6,0.04,12.9357138,77.6208587,4.828,10.72,0.51,333.1,-0.231,0.455,True,moving,0.91,3.81,528,0,2,0.93
331,66.0,12.9356878,77.6208547,4.394,7.826,0.0,,1.56,6,0.24,12.9357032,77.6208568,4.622,9.54,0.34,,0.0,0.0,True,stationary,0.59,3.02,529,0,2,0.05
332,66.2,12.9356878,77.6208547,4.394,7.826,0.0,,1.56,6,0.44,12.9357029,77.6208562,4.557,9.507,0.33,,0.0,0.0,True,stationary,0.59,3.02,529,0,2,0.25
333,66.4,12.9356878,77.6208547,4.394,7.826,0.0,,1.56,6,0.64,12.9357027,77.6208556,4.492,9.484,0.31,,0.0,0.0,True,stationary,0.59,3.02,529,0,2,0.45
334,66.6,12.9356878,77.6208547,4.394,7.826,0.0,,1.56,6,0.84,12.9357024,77.6208551,4.437,9.451,0.3,,0.0,0.0,True,stationary,0.59,3.02,529,0,2,0.66
335,66.8,12.9356878,77.6208547,4.394,7.826,0.0,,1.2,6,0.04,12.9357024,77.6208551,4.437,9.451,0.3,,0.0,0.0,True,stationary,0.59,3.02,529,0,2,0.85
336,67.0,12.9356878,77.6208547,4.394,7.826,0.0,,1.2,6,0.24,12.9356934,77.6208546,4.383,8.449,0.57,206.4,-0.253,-0.511,True,moving,0.33,1.6,530,0,2,0.18
337,67.2,12.9356878,77.6208547,4.394,7.826,0.0,,1.2,6,0.44,12.9356924,77.6208541,4.329,8.338,0.57,206.4,-0.253,-0.511,True,moving,0.33,1.6,530,0,2,0.38
338,67.4,12.9356878,77.6208547,4.394,7.826,0.0,,1.2,6,0.64,12.9356914,77.6208536,4.275,8.227,0.57,206.4,-0.253,-0.511,True,moving,0.33,1.6,530,0,2,0.58
339,67.6,12.9356878,77.6208547,4.394,7.826,0.0,,1.2,6,0.84,12.9356905,77.6208531,4.22,8.126,0.57,206.4,-0.253,-0.511,True,moving,0.33,1.6,530,0,2,0.78
340,67.8,12.9356883,77.6208525,4.155,7.881,1.46,,1.51,6,0.04,12.9356895,77.6208526,4.166,8.015,0.57,206.4,-0.253,-0.511,True,moving,0.33,1.6,530,0,2,0.98
341,68.0,12.9356883,77.6208525,4.155,7.881,1.46,,1.51,6,0.24,12.9357068,77.6208547,4.394,9.941,1.36,359.5,-0.012,1.36,True,moving,0.01,0.05,531,0,2,0.11
342,68.2,12.9356883,77.6208525,4.155,7.881,1.46,,1.51,6,0.44,12.9357094,77.6208546,4.383,10.23,1.36,359.5,-0.012,1.36,True,moving,0.01,0.05,531,0,2,0.31
343,68.4,12.9356883,77.6208525,4.155,7.881,1.46,,1.51,6,0.64,12.935712,77.6208546,4.383,10.52,1.36,359.5,-0.012,1.36,True,moving,0.01,0.05,531,0,2,0.51
344,68.6,12.9356883,77.6208525,4.155,7.881,1.46,,1.51,6,0.84,12.9357146,77.6208546,4.383,10.809,1.36,359.5,-0.012,1.36,True,moving,0.01,0.05,531,0,2,0.71
345,68.8,12.9356883,77.6208525,4.155,7.881,0.0,,1.51,6,0.04,12.9357171,77.6208546,4.383,11.087,1.36,359.5,-0.012,1.36,True,moving,0.01,0.05,531,0,2,0.91
346,69.0,12.9356883,77.6208525,4.155,7.881,0.0,,1.51,6,0.24,12.9357115,77.620854,4.318,10.464,1.17,358.8,-0.025,1.17,True,moving,0.8,3.51,532,0,2,0.05
347,69.2,12.9356883,77.6208525,4.155,7.881,0.0,,1.51,6,0.44,12.9357137,77.620854,4.318,10.709,1.17,358.8,-0.025,1.17,True,moving,0.8,3.51,532,0,2,0.25
348,69.4,12.9356883,77.6208525,4.155,7.881,0.0,,1.51,6,0.64,12.935716,77.6208539,4.307,10.965,1.17,358.8,-0.025,1.17,True,moving,0.8,3.51,532,0,2,0.45
349,69.6,12.9356883,77.6208525,4.155,7.881,0.0,,1.51,6,0.84,12.9357182,77.6208539,4.307,11.21,1.17,358.8,-0.025,1.17,True,moving,0.8,3.51,532,0,2,0.65
350,69.8,12.9356883,77.6208525,4.155,7.881,0.0,,1.51,6,0.04,12.9357182,77.6208539,4.307,11.21,1.17,358.8,-0.025,1.17,True,moving,0.8,3.51,532,0,2,0.85
351,70.0,12.9356883,77.6208525,4.155,7.881,0.0,,1.51,6,0.24,12.9357104,77.6208534,4.253,10.342,0.7,356.5,-0.043,0.699,True,moving,0.79,3.59,533,0,2,0.18
352,70.2,12.9356883,77.6208525,4.155,7.881,0.0,,1.51,6,0.44,12.9357117,77.6208533,4.242,10.486,0.7,356.5,-0.043,0.699,True,moving,0.79,3.59,533,0,2,0.38
353,70.4,12.9356883,77.6208525,4.155,7.881,0.0,,1.51,6,0.64,12.935713,77.6208532,4.231,10.631,0.7,356.5,-0.043,0.699,True,moving,0.79,3.59,533,0,2,0.58
354,70.6,12.9356883,77.6208525,4.155,7.881,0.0,,1.51,6,0.84,12.9357144,77.6208531,4.22,10.787,0.7,356.5,-0.043,0.699,True,moving,0.79,3.59,533,0,2,0.78
355,70.8,12.9356825,77.6208435,3.179,7.236,1.37,,1.2,6,0.04,12.9357157,77.6208531,4.22,10.932,0.7,356.5,-0.043,0.699,True,moving,0.79,3.59,533,0,2,0.98
356,71.0,12.9356825,77.6208435,3.179,7.236,1.37,,1.2,6,0.24,12.9357096,77.6208499,3.873,10.253,1.3,359.4,-0.014,1.3,True,moving,0.87,3.98,534,0,2,0.12
357,71.2,12.9356825,77.6208435,3.179,7.236,1.37,,1.2,6,0.44,12.9357121,77.6208499,3.873,10.531,1.3,359.4,-0.014,1.3,True,moving,0.87,3.98,534,0,2,0.32
358,71.4,12.9356825,77.6208435,3.179,7.236,1.37,,1.2,6,0.64,12.9357146,77.6208498,3.862,10.809,1.3,359.4,-0.014,1.3,True,moving,0.87,3.98,534,0,2,0.52
359,71.6,12.9356825,77.6208435,3.179,7.236,1.37,,1.2,6,0.84,12.9357171,77.6208498,3.862,11.087,1.3,359.4,-0.014,1.3,True,moving,0.87,3.98,534,0,2,0.72
360,71.8,12.9356825,77.6208435,3.179,7.236,0.0,,1.38,6,0.04,12.9357196,77.6208498,3.862,11.366,1.3,359.4,-0.014,1.3,True,moving,0.87,3.98,534,0,2,0.92
361,72.0,12.9356825,77.6208435,3.179,7.236,0.0,,1.38,6,0.24,12.9357118,77.6208481,3.678,10.497,1.01,356.7,-0.058,1.008,True,moving,1.11,4.46,535,0,2,0.04
362,72.2,12.9356825,77.6208435,3.179,7.236,0.0,,1.38,6,0.44,12.9357138,77.620848,3.667,10.72,1.01,356.7,-0.058,1.008,True,moving,1.11,4.46,535,0,2,0.24
363,72.4,12.9356825,77.6208435,3.179,7.236,0.0,,1.38,6,0.64,12.9357157,77.6208479,3.656,10.932,1.01,356.7,-0.058,1.008,True,moving,1.11,4.46,535,0,2,0.45
364,72.6,12.9356825,77.6208435,3.179,7.236,0.0,,1.38,6,0.84,12.9357157,77.6208479,3.656,10.932,1.01,356.7,-0.058,1.008,True,moving,1.11,4.46,535,0,2,0.64
365,72.8,12.935664,77.6208345,2.202,5.176,1.86,,1.38,6,0.04,12.9357178,77.6208478,3.645,11.165,1.01,356.7,-0.058,1.008,True,moving,1.11,4.46,535,0,2,0.84
366,73.0,12.935664,77.6208345,2.202,5.176,1.86,,1.38,6,0.24,12.9357125,77.6208451,3.352,10.575,1.77,359.6,-0.012,1.77,True,moving,1.51,6.37,536,0,2,0.17
367,73.2,12.935664,77.6208345,2.202,5.176,1.86,,1.38,6,0.44,12.9357159,77.620845,3.342,10.954,1.77,359.6,-0.012,1.77,True,moving,1.51,6.37,536,0,2,0.37
368,73.4,12.935664,77.6208345,2.202,5.176,1.86,,1.38,6,0.64,12.9357193,77.620845,3.342,11.332,1.77,359.6,-0.012,1.77,True,moving,1.51,6.37,536,0,2,0.57
369,73.6,12.935664,77.6208345,2.202,5.176,1.86,,1.38,6,0.84,12.9357227,77.620845,3.342,11.711,1.77,359.6,-0.012,1.77,True,moving,1.51,6.37,536,0,2,0.77
370,73.8,12.9356502,77.6208262,1.302,3.64,1.86,,1.51,6,0.04,12.9357261,77.620845,3.342,12.089,1.77,359.6,-0.012,1.77,True,moving,1.51,6.37,536,0,2,0.97
371,74.0,12.9356502,77.6208262,1.302,3.64,1.86,,1.51,6,0.24,12.935716,77.6208417,2.984,10.965,1.82,359.7,-0.01,1.82,True,moving,2.14,9.06,537,0,2,0.1
372,74.2,12.9356502,77.6208262,1.302,3.64,1.86,,1.51,6,0.44,12.9357195,77.6208417,2.984,11.355,1.82,359.7,-0.01,1.82,True,moving,2.14,9.06,537,0,2,0.3
373,74.4,12.9356502,77.6208262,1.302,3.64,1.86,,1.51,6,0.64,12.935723,77.6208417,2.984,11.744,1.82,359.7,-0.01,1.82,True,moving,2.14,9.06,537,0,2,0.5
374,74.6,12.9356502,77.6208262,1.302,3.64,1.86,,1.51,6,0.84,12.9357265,77.6208417,2.984,12.134,1.82,359.7,-0.01,1.82,True,moving,2.14,9.06,537,0,2,0.7
375,74.8,12.9356563,77.620831,1.823,4.319,1.11,,1.73,6,0.04,12.9357299,77.6208416,2.973,12.512,1.82,359.7,-0.01,1.82,True,moving,2.14,9.06,537,0,2,0.9
376,75.0,12.9356563,77.620831,1.823,4.319,1.11,,1.73,6,0.24,12.9357204,77.6208403,2.832,11.455,1.13,359.8,-0.004,1.13,True,moving,1.85,8.67,538,0,2,0.04
377,75.2,12.9356563,77.620831,1.823,4.319,1.11,,1.73,6,0.44,12.9357226,77.6208403,2.832,11.7,1.13,359.8,-0.004,1.13,True,moving,1.85,8.67,538,0,2,0.24
378,75.4,12.9356563,77.620831,1.823,4.319,1.11,,1.73,6,0.64,12.9357248,77.6208403,2.832,11.945,1.13,359.8,-0.004,1.13,True,moving,1.85,8.67,538,0,2,0.44
379,75.6,12.9356563,77.620831,1.823,4.319,1.11,,1.73,6,0.84,12.9357248,77.6208403,2.832,11.945,1.13,359.8,-0.004,1.13,True,moving,1.85,8.67,538,0,2,0.64
380,75.8,12.935664,77.6208403,2.832,5.176,1.67,,1.51,6,0.04,12.935727,77.6208403,2.832,12.189,1.13,359.8,-0.004,1.13,True,moving,1.85,8.67,538,0,2,0.84
381,76.0,12.935664,77.6208403,2.832,5.176,1.67,,1.51,6,0.24,12.9357211,77.6208403,2.832,11.533,1.6,360.0,-0.0,1.6,True,moving,1.75,7.26,539,0,2,0.17
382,76.2,12.935664,77.6208403,2.832,5.176,1.67,,1.51,6,0.44,12.9357242,77.6208403,2.832,11.878,1.6,360.0,-0.0,1.6,True,moving,1.75,7.26,539,0,2,0.37
383,76.4,12.935664,77.6208403,2.832,5.176,1.67,,1.51,6,0.64,12.9357272,77.6208403,2.832,12.212,1.6,360.0,-0.0,1.6,True,moving,1.75,7.26,539,0,2,0.57
384,76.6,12.935664,77.6208403,2.832,5.176,1.67,,1.51,6,0.84,12.9357303,77.6208403,2.832,12.557,1.6,360.0,-0.0,1.6,True,moving,1.75,7.26,539,0,2,0.77
385,76.8,12.935664,77.6208403,2.832,5.176,0.0,,1.51,6,0.04,12.9357333,77.6208403,2.832,12.891,1.6,360.0,-0.0,1.6,True,moving,1.75,7.26,539,0,2,0.97
386,77.0,12.935664,77.6208403,2.832,5.176,0.0,,1.51,6,0.24,12.9357239,77.6208403,2.832,11.844,1.14,360.0,-0.0,1.14,True,moving,1.94,8.06,540,0,2,0.11
387,77.2,12.935664,77.6208403,2.832,5.176,0.0,,1.51,6,0.44,12.935726,77.6208403,2.832,12.078,1.14,360.0,-0.0,1.14,True,moving,1.94,8.06,540,0,2,0.32
388,77.4,12.935664,77.6208403,2.832,5.176,0.0,,1.51,6,0.64,12.9357283,77.6208403,2.832,12.334,1.14,360.0,-0.0,1.14,True,moving,1.94,8.06,540,0,2,0.51
389,77.6,12.935664,77.6208403,2.832,5.176,0.0,,1.51,6,0.84,12.9357305,77.6208403,2.832,12.579,1.14,360.0,-0.0,1.14,True,moving,1.94,8.06,540,0,2,0.71
390,77.8,12.935664,77.6208403,2.832,5.176,0.0,,1.51,6,0.04,12.9357327,77.6208403,2.832,12.824,1.14,360.0,-0.0,1.14,True,moving,1.94,8.06,540,0,2,0.92
391,78.0,12.935664,77.6208403,2.832,5.176,0.0,,1.51,6,0.24,12.9357123,77.6208403,2.832,10.553,0.13,,0.0,0.0,True,stationary,1.73,7.9,541,0,2,0.03
392,78.2,12.935664,77.6208403,2.832,5.176,0.0,,1.51,6,0.44,12.9357121,77.6208403,2.832,10.531,0.12,,0.0,0.0,True,stationary,1.73,7.9,541,0,2,0.23
393,78.4,12.935664,77.6208403,2.832,5.176,0.0,,1.51,6,0.65,12.9357119,77.6208403,2.832,10.509,0.12,,0.0,0.0,True,stationary,1.73,7.9,541,0,2,0.45
394,78.6,12.935664,77.6208403,2.832,5.176,0.0,,1.51,6,0.84,12.9357119,77.6208403,2.832,10.509,0.12,,0.0,0.0,True,stationary,1.73,7.9,541,0,2,0.63
395,78.8,12.9356828,77.6208478,3.645,7.269,0.0,,1.51,6,0.04,12.9357116,77.6208403,2.832,10.475,0.11,,0.0,0.0,True,stationary,1.73,7.9,541,0,2,0.83
396,79.0,12.9356828,77.6208478,3.645,7.269,0.0,,1.51,6,0.24,12.9356993,77.6208435,3.179,9.106,0.71,167.8,0.15,-0.694,True,moving,0.66,3.29,542,0,2,0.17
397,79.2,12.9356828,77.6208478,3.645,7.269,0.0,,1.51,6,0.44,12.935698,77.6208438,3.211,8.961,0.71,167.8,0.15,-0.694,True,moving,0.66,3.29,542,0,2,0.37
398,79.4,12.9356828,77.6208478,3.645,7.269,0.0,,1.51,6,0.64,12.9356967,77.6208441,3.244,8.817,0.71,167.8,0.15,-0.694,True,moving,0.66,3.29,542,0,2,0.57
399,79.6,12.9356828,77.6208478,3.645,7.269,0.0,,1.51,6,0.84,12.9356953,77.6208444,3.277,8.661,0.71,167.8,0.15,-0.694,True,moving,0.66,3.29,542,0,2,0.77
400,79.8,12.9356828,77.6208478,3.645,7.269,0.0,,1.73,6,0.04,12.935694,77.6208447,3.309,8.516,0.71,167.8,0.15,-0.694,True,moving,0.66,3.29,542,0,2,0.97
401,80.0,12.9356828,77.6208478,3.645,7.269,0.0,,1.73,6,0.24,12.9356884,77.6208462,3.472,7.893,0.89,167.1,0.199,-0.868,True,moving,0.2,1.14,543,0,2,0.1
402,80.2,12.9356828,77.6208478,3.645,7.269,0.0,,1.73,6,0.44,12.9356867,77.6208466,3.515,7.703,0.89,167.1,0.199,-0.868,True,moving,0.2,1.14,543,0,2,0.3
403,80.4,12.9356828,77.6208478,3.645,7.269,0.0,,1.73,6,0.64,12.935685,77.620847,3.559,7.514,0.89,167.1,0.199,-0.868,True,moving,0.2,1.14,543,0,2,0.5
404,80.6,12.9356828,77.6208478,3.645,7.269,0.0,,1.73,6,0.84,12.9356834,77.6208474,3.602,7.336,0.89,167.1,0.199,-0.868,True,moving,0.2,1.14,543,0,2,0.7
405,80.8,12.9356828,77.6208478,3.645,7.269,0.0,,1.73,6,0.04,12.9356822,77.6208478,3.645,7.202,0.87,166.7,0.2,-0.847,True,moving,0.02,0.12,544,0,2,0.04
406,81.0,12.9356828,77.6208478,3.645,7.269,0.0,,1.73,6,0.24,12.9356813,77.620848,3.667,7.102,0.84,166.6,0.195,-0.817,True,moving,0.05,0.26,545,0,2,0.02
407,81.2,12.9356828,77.6208478,3.645,7.269,0.0,,1.73,6,0.44,12.9356797,77.6208484,3.711,6.924,0.84,166.6,0.195,-0.817,True,moving,0.05,0.26,545,0,2,0.23
408,81.4,12.9356828,77.6208478,3.645,7.269,0.0,,1.73,6,0.64,12.9356797,77.6208484,3.711,6.924,0.84,166.6,0.195,-0.817,True,moving,0.05,0.26,545,0,2,0.42
409,81.6,12.9356828,77.6208478,3.645,7.269,0.0,,1.73,6,0.84,12.9356781,77.6208488,3.754,6.746,0.84,166.6,0.195,-0.817,True,moving,0.05,0.26,545,0,2,0.62
410,81.8,12.9356828,77.6208478,3.645,7.269,0.0,,1.73,6,0.04,12.9356765,77.6208492,3.797,6.568,0.84,166.6,0.195,-0.817,True,moving,0.05,0.26,545,0,2,0.82
411,82.0,12.9356828,77.6208478,3.645,7.269,0.0,,1.73,6,0.24,12.9356782,77.6208489,3.765,6.757,0.69,166.4,0.162,-0.671,True,moving,0.16,0.89,546,0,2,0.16
412,82.2,12.9356828,77.6208478,3.645,7.269,0.0,,1.73,6,0.44,12.9356769,77.6208492,3.797,6.612,0.69,166.4,0.162,-0.671,True,moving,0.16,0.89,546,0,2,0.36
413,82.4,12.9356828,77.6208478,3.645,7.269,0.0,,1.73,6,0.64,12.9356756,77.6208495,3.83,6.468,0.69,166.4,0.162,-0.671,True,moving,0.16,0.89,546,0,2,0.56
414,82.6,12.9356828,77.6208478,3.645,7.269,0.0,,1.73,6,0.84,12.9356743,77.6208498,3.862,6.323,0.69,166.4,0.162,-0.671,True,moving,0.16,0.89,546,0,2,0.76
415,82.8,12.9356828,77.6208478,3.645,7.269,0.0,,1.73,5,0.04,12.935673,77.6208501,3.895,6.178,0.69,166.4,0.162,-0.671,True,moving,0.16,0.89,546,0,2,0.96
416,83.0,12.9356828,77.6208478,3.645,7.269,0.0,,1.73,5,0.24,12.9356772,77.6208492,3.797,6.646,0.45,166.2,0.107,-0.437,True,moving,0.21,1.26,547,0,2,0.1
417,83.2,12.9356828,77.6208478,3.645,7.269,0.0,,1.73,5,0.44,12.9356763,77.6208494,3.819,6.546,0.45,166.2,0.107,-0.437,True,moving,0.21,1.26,547,0,2,0.3
418,83.4,12.9356828,77.6208478,3.645,7.269,0.0,,1.73,5,0.64,12.9356755,77.6208496,3.841,6.457,0.45,166.2,0.107,-0.437,True,moving,0.21,1.26,547,0,2,0.5
419,83.6,12.9356828,77.6208478,3.645,7.269,0.0,,1.73,5,0.84,12.9356747,77.6208498,3.862,6.367,0.45,166.2,0.107,-0.437,True,moving,0.21,1.26,547,0,2,0.7
420,83.8,12.9356828,77.6208478,3.645,7.269,0.0,,1.73,5,0.04,12.9356738,77.62085,3.884,6.267,0.45,166.2,0.107,-0.437,True,moving,0.21,1.26,547,0,2,0.9
421,84.0,12.9356828,77.6208478,3.645,7.269,0.0,,1.73,5,0.24,12.9356782,77.6208489,3.765,6.757,0.23,,0.0,0.0,True,stationary,0.18,1.13,548,0,2,0.03
422,84.2,12.9356828,77.6208478,3.645,7.269,0.0,,1.73,5,0.44,12.9356777,77.620849,3.776,6.701,0.22,,0.0,0.0,True,stationary,0.18,1.13,548,0,2,0.24
423,84.4,12.9356828,77.6208478,3.645,7.269,0.0,,1.73,5,0.65,12.9356774,77.6208491,3.786,6.668,0.21,,0.0,0.0,True,stationary,0.18,1.13,548,0,2,0.44
424,84.6,12.9356828,77.6208478,3.645,7.269,0.0,,1.73,5,0.84,12.9356774,77.6208491,3.786,6.668,0.21,,0.0,0.0,True,stationary,0.18,1.13,548,0,2,0.64
425,84.8,12.9356902,77.6208595,4.915,8.093,0.0,,1.73,5,0.04,12.935677,77.6208493,3.808,6.624,0.2,,0.0,0.0,True,stationary,0.18,1.13,548,0,2,0.84
426,85.0,12.9356902,77.6208595,4.915,8.093,0.0,,1.73,5,0.24,12.9356834,77.6208544,4.361,7.336,0.25,,0.0,0.0,True,stationary,0.31,1.87,549,0,2,0.17
427,85.2,12.9356902,77.6208595,4.915,8.093,0.0,,1.73,5,0.44,12.9356835,77.6208549,4.416,7.347,0.24,,0.0,0.0,True,stationary,0.31,1.87,549,0,2,0.37
428,85.4,12.9356902,77.6208595,4.915,8.093,0.0,,1.73,5,0.64,12.9356836,77.6208553,4.459,7.358,0.23,,0.0,0.0,True,stationary,0.31,1.87,549,0,2,0.57
429,85.6,12.9356902,77.6208595,4.915,8.093,0.0,,1.73,5,0.84,12.9356837,77.6208557,4.503,7.369,0.22,,0.0,0.0,True,stationary,0.31,1.87,549,0,2,0.77
430,85.8,12.9357192,77.6208563,4.568,11.321,0.0,,1.38,5,0.04,12.9356839,77.6208561,4.546,7.392,0.21,,0.0,0.0,True,stationary,0.31,1.87,549,0,2,0.97
431,86.0,12.9357192,77.6208563,4.568,11.321,0.0,,1.38,5,0.24,12.9357055,77.6208564,4.578,9.796,0.78,13.9,0.187,0.757,True,moving,0.71,3.92,550,0,2,0.1
432,86.2,12.9357192,77.6208563,4.568,11.321,0.0,,1.38,5,0.44,12.9357069,77.6208567,4.611,9.952,0.78,13.9,0.187,0.757,True,moving,0.71,3.92,550,0,2,0.3
433,86.4,12.9357192,77.6208563,4.568,11.321,0.0,,1.38,5,0.64,12.9357084,77.6208571,4.654,10.119,0.78,13.9,0.187,0.757,True,moving,0.71,3.92,550,0,2,0.5
434,86.6,12.9357192,77.6208563,4.568,11.321,0.0,,1.38,5,0.84,12.9357098,77.6208575,4.698,10.275,0.78,13.9,0.187,0.757,True,moving,0.71,3.92,550,0,2,0.7
435,86.8,12.9357192,77.6208563,4.568,11.321,0.0,,1.38,5,0.04,12.9357153,77.6208571,4.654,10.887,0.9,10.3,0.161,0.885,True,moving,0.18,0.9,551,0,2,0.04
436,87.0,12.9357192,77.6208563,4.568,11.321,0.0,,1.38,5,0.24,12.9357178,77.620857,4.644,11.165,0.93,9.1,0.147,0.918,True,moving,0.06,0.27,552,0,2,0.02
437,87.2,12.9357192,77.6208563,4.568,11.321,0.0,,1.38,5,0.44,12.9357196,77.6208573,4.676,11.366,0.93,9.1,0.147,0.918,True,moving,0.06,0.27,552,0,2,0.23
438,87.4,12.9357192,77.6208563,4.568,11.321,0.0,,1.38,5,0.64,12.9357196,77.6208573,4.676,11.366,0.93,9.1,0.147,0.918,True,moving,0.06,0.27,552,0,2,0.42
439,87.6,12.9357192,77.6208563,4.568,11.321,0.0,,1.38,5,0.84,12.9357214,77.6208576,4.709,11.566,0.93,9.1,0.147,0.918,True,moving,0.06,0.27,552,0,2,0.62
440,87.8,12.9357063,77.6208273,1.421,9.885,0.0,,1.73,5,0.04,12.9357232,77.6208579,4.741,11.766,0.93,9.1,0.147,0.918,True,moving,0.06,0.27,552,0,2,0.82
441,88.0,12.9357063,77.6208273,1.421,9.885,0.0,,1.73,5,0.24,12.9357191,77.6208485,3.721,11.31,0.71,335.9,-0.29,0.648,True,moving,0.76,3.94,553,0,2,0.16
442,88.2,12.9357063,77.6208273,1.421,9.885,0.0,,1.73,5,0.44,12.9357204,77.620848,3.667,11.455,0.71,335.9,-0.29,0.648,True,moving,0.76,3.94,553,0,2,0.36
443,88.4,12.9357063,77.6208273,1.421,9.885,0.0,,1.73,5,0.64,12.9357216,77.6208474,3.602,11.588,0.71,335.9,-0.29,0.648,True,moving,0.76,3.94,553,0,2,0.56
444,88.6,12.9357063,77.6208273,1.421,9.885,0.0,,1.73,5,0.84,12.9357229,77.6208468,3.537,11.733,0.71,335.9,-0.29,0.648,True,moving,0.76,3.94,553,0,2,0.76
445,88.8,12.9357063,77.6208273,1.421,9.885,0.0,,1.38,5,0.04,12.9357241,77.6208463,3.483,11.867,0.71,335.9,-0.29,0.648,True,moving,0.76,3.94,553,0,2,0.96
446,89.0,12.9357063,77.6208273,1.421,9.885,0.0,,1.38,5,0.24,12.9357148,77.6208356,2.322,10.831,0.76,282.3,-0.743,0.162,True,moving,0.56,2.91,554,0,2,0.09
447,89.2,12.9357063,77.6208273,1.421,9.885,0.0,,1.38,5,0.44,12.9357151,77.6208341,2.159,10.865,0.76,282.3,-0.743,0.162,True,moving,0.56,2.91,554,0,2,0.29
448,89.4,12.9357063,77.6208273,1.421,9.885,0.0,,1.38,5,0.64,12.9357155,77.6208326,1.996,10.909,0.76,282.3,-0.743,0.162,True,moving,0.56,2.91,554,0,2,0.49
449,89.6,12.9357063,77.6208273,1.421,9.885,0.0,,1.38,5,0.84,12.9357158,77.6208312,1.844,10.943,0.76,282.3,-0.743,0.162,True,moving,0.56,2.91,554,0,2,0.69
450,89.8,12.9357063,77.6208273,1.421,9.885,0.0,,1.73,5,0.04,12.9357109,77.6208284,1.541,10.397,0.81,264.5,-0.806,-0.078,True,moving,0.22,1.12,555,0,2,0.04
451,90.0,12.9357063,77.6208273,1.421,9.885,0.0,,1.73,5,0.24,12.9357095,77.620827,1.389,10.241,0.81,260.1,-0.798,-0.139,True,moving,0.1,0.5,556,0,2,0.03
452,90.2,12.9357063,77.6208273,1.421,9.885,0.0,,1.73,5,0.44,12.9357092,77.6208254,1.215,10.208,0.81,260.1,-0.798,-0.139,True,moving,0.1,0.5,556,0,2,0.23
453,90.4,12.9357063,77.6208273,1.421,9.885,0.0,,1.73,5,0.64,12.9357092,77.6208254,1.215,10.208,0.81,260.1,-0.798,-0.139,True,moving,0.1,0.5,556,0,2,0.43
454,90.6,12.9357063,77.6208273,1.421,9.885,0.0,,1.73,5,0.84,12.9357089,77.6208237,1.031,10.175,0.81,260.1,-0.798,-0.139,True,moving,0.1,0.5,556,0,2,0.63
455,90.8,12.935696,77.620826,1.28,8.739,1.58,,1.38,5,0.04,12.9357086,77.6208222,0.868,10.141,0.81,260.1,-0.798,-0.139,True,moving,0.1,0.5,556,0,2,0.83
456,91.0,12.935696,77.620826,1.28,8.739,1.58,,1.38,5,0.24,12.9357185,77.6208288,1.584,11.243,1.5,358.9,-0.029,1.5,True,moving,0.31,1.5,557,0,2,0.16
457,91.2,12.935696,77.620826,1.28,8.739,1.58,,1.38,5,0.44,12.9357214,77.6208288,1.584,11.566,1.5,358.9,-0.029,1.5,True,moving,0.31,1.5,557,0,2,0.36
458,91.4,12.935696,77.620826,1.28,8.739,1.58,,1.38,5,0.64,12.9357242,77.6208287,1.573,11.878,1.5,358.9,-0.029,1.5,True,moving,0.31,1.5,557,0,2,0.56
459,91.6,12.935696,77.620826,1.28,8.739,1.58,,1.38,5,0.84,12.9357271,77.6208286,1.562,12.201,1.5,358.9,-0.029,1.5,True,moving,0.31,1.5,557,0,2,0.76
460,91.8,12.935696,77.620826,1.28,8.739,0.0,,1.38,5,0.04,12.93573,77.6208286,1.562,12.523,1.5,358.9,-0.029,1.5,True,moving,0.31,1.5,557,0,2,0.96
461,92.0,12.935696,77.620826,1.28,8.739,0.0,,1.38,5,0.24,12.9357227,77.6208278,1.476,11.711,1.23,357.9,-0.045,1.229,True,moving,1.02,4.12,558,0,2,0.09
462,92.2,12.935696,77.620826,1.28,8.739,0.0,,1.38,5,0.44,12.9357251,77.6208277,1.465,11.978,1.23,357.9,-0.045,1.229,True,moving,1.02,4.12,558,0,2,0.29
463,92.4,12.935696,77.620826,1.28,8.739,0.0,,1.38,5,0.64,12.9357275,77.6208276,1.454,12.245,1.23,357.9,-0.045,1.229,True,moving,1.02,4.12,558,0,2,0.49
464,92.6,12.935696,77.620826,1.28,8.739,0.0,,1.38,5,0.84,12.9357298,77.6208276,1.454,12.501,1.23,357.9,-0.045,1.229,True,moving,1.02,4.12,558,0,2,0.69
465,92.8,12.935696,77.620826,1.28,8.739,0.0,,1.38,5,0.04,12.9357199,77.620827,1.389,11.399,0.63,353.7,-0.069,0.626,True,moving,0.95,4.03,559,0,2,0.03
466,93.0,12.935696,77.620826,1.28,8.739,0.0,,1.38,5,0.24,12.9357212,77.6208268,1.367,11.544,0.63,353.7,-0.069,0.626,True,moving,0.95,4.03,559,0,2,0.24
467,93.2,12.935696,77.620826,1.28,8.739,0.0,,1.38,5,0.44,12.9357212,77.6208268,1.367,11.544,0.63,353.7,-0.069,0.626,True,moving,0.95,4.03,559,0,2,0.43
468,93.4,12.935696,77.620826,1.28,8.739,0.0,,1.38,5,0.64,12.9357225,77.6208267,1.356,11.689,0.63,353.7,-0.069,0.626,True,moving,0.95,4.03,559,0,2,0.63
469,93.6,12.935696,77.620826,1.28,8.739,0.0,,1.38,5,0.84,12.9357237,77.6208265,1.334,11.822,0.63,353.7,-0.069,0.626,True,moving,0.95,4.03,559,0,2,0.83
470,93.8,12.9356912,77.6208045,-1.052,8.204,2.24,,1.38,5,0.04,12.9357249,77.6208264,1.324,11.956,0.63,353.7,-0.069,0.626,True,moving,0.95,4.03,559,0,2,1.03
471,94.0,12.9356912,77.6208045,-1.052,8.204,2.24,,1.38,5,0.24,12.9357296,77.6208208,0.716,12.479,2.14,359.3,-0.026,2.14,True,moving,0.94,4.55,560,0,2,0.14
472,94.2,12.9356912,77.6208045,-1.052,8.204,2.24,,1.38,5,0.44,12.9357337,77.6208207,0.705,12.935,2.14,359.3,-0.026,2.14,True,moving,0.94,4.55,560,0,2,0.34
473,94.4,12.9356912,77.6208045,-1.052,8.204,2.24,,1.38,5,0.64,12.9357378,77.6208207,0.705,13.392,2.14,359.3,-0.026,2.14,True,moving,0.94,4.55,560,0,2,0.54
474,94.6,12.9356912,77.6208045,-1.052,8.204,2.24,,1.38,5,0.84,12.9357419,77.6208206,0.694,13.848,2.14,359.3,-0.026,2.14,True,moving,0.94,4.55,560,0,2,0.74
475,94.8,12.935695,77.6207862,-3.038,8.627,2.24,,1.38,5,0.04,12.935746,77.6208206,0.694,14.305,2.14,359.3,-0.026,2.14,True,moving,0.94,4.55,560,0,2,0.94
476,95.0,12.935695,77.6207862,-3.038,8.627,2.24,,1.38,5,0.24,12.9357376,77.6208125,-0.184,13.369,2.2,359.5,-0.019,2.2,True,moving,1.78,7.18,561,0,2,0.07
477,95.2,12.935695,77.6207862,-3.038,8.627,2.24,,1.38,5,0.44,12.9357418,77.6208125,-0.184,13.837,2.2,359.5,-0.019,2.2,True,moving,1.78,7.18,561,0,2,0.27
478,95.4,12.935695,77.6207862,-3.038,8.627,2.24,,1.38,5,0.64,12.9357461,77.6208124,-0.195,14.316,2.2,359.5,-0.019,2.2,True,moving,1.78,7.18,561,0,2,0.47
479,95.6,12.935695,77.6207862,-3.038,8.627,2.24,,1.38,5,0.84,12.9357503,77.6208124,-0.195,14.783,2.2,359.5,-0.019,2.2,True,moving,1.78,7.18,561,0,2,0.67
480,95.8,12.935695,77.6207862,-3.038,8.627,0.0,,1.38,6,0.04,12.9357416,77.6208067,-0.814,13.815,1.91,355.6,-0.147,1.904,True,moving,1.85,7.2,562,0,2,0.02
481,96.0,12.935695,77.6207862,-3.038,8.627,0.0,,1.38,6,0.25,12.9357453,77.6208064,-0.846,14.227,1.91,355.6,-0.147,1.904,True,moving,1.85,7.2,562,0,2,0.23
482,96.2,12.935695,77.6207862,-3.038,8.627,0.0,,1.38,6,0.44,12.9357453,77.6208064,-0.846,14.227,1.91,355.6,-0.147,1.904,True,moving,1.85,7.2,562,0,2,0.42
483,96.4,12.935695,77.6207862,-3.038,8.627,0.0,,1.38,6,0.64,12.935749,77.6208061,-0.879,14.639,1.91,355.6,-0.147,1.904,True,moving,1.85,7.2,562,0,2,0.62
484,96.6,12.935695,77.6207862,-3.038,8.627,0.0,,1.38,6,0.84,12.9357526,77.6208058,-0.911,15.039,1.91,355.6,-0.147,1.904,True,moving,1.85,7.2,562,0,2,0.82
485,96.8,12.935695,77.6207862,-3.038,8.627,0.0,,1.38,6,0.04,12.9357563,77.6208056,-0.933,15.451,1.91,355.6,-0.147,1.904,True,moving,1.85,7.2,562,0,2,1.02
486,97.0,12.935695,77.6207862,-3.038,8.627,0.0,,1.38,6,0.24,12.9357387,77.620799,-1.649,13.492,0.91,329.1,-0.467,0.781,True,moving,1.79,7.52,563,0,2,0.15
487,97.2,12.935695,77.6207862,-3.038,8.627,0.0,,1.38,6,0.44,12.9357402,77.6207981,-1.747,13.659,0.91,329.1,-0.467,0.781,True,moving,1.79,7.52,563,0,2,0.35
488,97.4,12.935695,77.6207862,-3.038,8.627,0.0,,1.38,6,0.64,12.9357417,77.6207972,-1.844,13.826,0.91,329.1,-0.467,0.781,True,moving,1.79,7.52,563,0,2,0.55
489,97.6,12.935695,77.6207862,-3.038,8.627,0.0,,1.38,6,0.84,12.9357432,77.6207963,-1.942,13.993,0.91,329.1,-0.467,0.781,True,moving,1.79,7.52,563,0,2,0.75
490,97.8,12.9356875,77.6207893,-2.702,7.792,1.72,,4.77,6,0.04,12.9357447,77.6207954,-2.04,14.16,0.91,329.1,-0.467,0.781,True,moving,1.79,7.52,563,0,2,0.95
491,98.0,12.9356875,77.6207893,-2.702,7.792,1.72,,4.77,6,0.24,12.935755,77.6207997,-1.573,15.306,1.68,359.5,-0.015,1.68,True,moving,0.53,6.56,564,0,2,0.08
492,98.2,12.9356875,77.6207893,-2.702,7.792,1.72,,4.77,6,0.44,12.9357583,77.6207996,-1.584,15.674,1.68,359.5,-0.015,1.68,True,moving,0.53,6.56,564,0,2,0.28
493,98.4,12.9356875,77.6207893,-2.702,7.792,1.72,,4.77,6,0.64,12.9357616,77.6207996,-1.584,16.041,1.68,359.5,-0.015,1.68,True,moving,0.53,6.56,564,0,2,0.48
494,98.6,12.9356875,77.6207893,-2.702,7.792,1.72,,4.77,6,0.84,12.9357649,77.6207996,-1.584,16.408,1.68,359.5,-0.015,1.68,True,moving,0.53,6.56,564,0,2,0.68
495,98.8,12.9356875,77.6207893,-2.702,7.792,0.0,,1.73,6,0.05,12.9357512,77.6207974,-1.823,14.883,1.38,357.8,-0.053,1.379,True,moving,1.86,9.05,565,0,2,0.02
496,99.0,12.9356875,77.6207893,-2.702,7.792,0.0,,1.73,6,0.24,12.9357512,77.6207974,-1.823,14.883,1.38,357.8,-0.053,1.379,True,moving,1.86,9.05,565,0,2,0.21
497,99.2,12.9356875,77.6207893,-2.702,7.792,0.0,,1.73,6,0.44,12.935754,77.6207973,-1.834,15.195,1.38,357.8,-0.053,1.379,True,moving,1.86,9.05,565,0,2,0.41
498,99.4,12.9356875,77.6207893,-2.702,7.792,0.0,,1.73,6,0.64,12.9357566,77.6207972,-1.844,15.485,1.38,357.8,-0.053,1.379,True,moving,1.86,9.05,565,0,2,0.61
499,99.6,12.9356875,77.6207893,-2.702,7.792,0.0,,1.73,6,0.84,12.9357593,77.6207971,-1.855,15.785,1.38,357.8,-0.053,1.379,True,moving,1.86,9.05,565,0,2,0.81
500,99.8,12.9356875,77.6207893,-2.702,7.792,0.0,,1.38,6,0.04,12.935762,77.620797,-1.866,16.086,1.38,357.8,-0.053,1.379,True,moving,1.86,9.05,565,0,2,1.01
501,100.0,12.9356875,77.6207893,-2.702,7.792,0.0,,1.38,6,0.24,12.9357349,77.6207939,-2.202,13.069,0.19,,0.0,0.0,True,stationary,1.96,8.62,566,0,2,0.12
502,100.2,12.9356875,77.6207893,-2.702,7.792,0.0,,1.38,6,0.44,12.935735,77.6207936,-2.235,13.08,0.19,,0.0,0.0,True,stationary,1.96,8.62,566,0,2,0.32
503,100.4,12.9356875,77.6207893,-2.702,7.792,0.0,,1.38,6,0.64,12.9357351,77.6207933,-2.268,13.091,0.18,,0.0,0.0,True,stationary,1.96,8.62,566,0,2,0.53
504,100.6,12.9356875,77.6207893,-2.702,7.792,0.0,,1.38,6,0.84,12.9357353,77.620793,-2.3,13.113,0.17,,0.0,0.0,True,stationary,1.96,8.62,566,0,2,0.73
505,100.8,12.9356875,77.6207893,-2.702,7.792,0.0,,1.38,6,0.04,12.9357354,77.6207927,-2.333,13.125,0.16,,0.0,0.0,True,stationary,1.96,8.62,566,0,2,0.93
506,101.0,12.9356875,77.6207893,-2.702,7.792,0.0,,1.38,6,0.24,12.9357122,77.6207909,-2.528,10.542,0.98,192.2,-0.207,-0.958,True,moving,1.11,5.36,567,0,2,0.05
507,101.2,12.9356875,77.6207893,-2.702,7.792,0.0,,1.38,6,0.44,12.9357103,77.6207905,-2.571,10.33,0.98,192.2,-0.207,-0.958,True,moving,1.11,5.36,567,0,2,0.25
508,101.4,12.9356875,77.6207893,-2.702,7.792,0.0,,1.38,6,0.64,12.9357085,77.6207901,-2.615,10.13,0.98,192.2,-0.207,-0.958,True,moving,1.11,5.36,567,0,2,0.45
509,101.6,12.9356875,77.6207893,-2.702,7.792,0.0,,1.38,6,0.84,12.9357067,77.6207897,-2.658,9.93,0.98,192.2,-0.207,-0.958,True,moving,1.11,5.36,567,0,2,0.66
510,101.8,12.9356792,77.6208012,-1.41,6.868,2.55,,1.38,6,0.06,12.9357278,77.6207948,-2.105,12.279,2.33,0.0,0.0,2.33,True,moving,0.65,3.13,568,0,2,0.02
511,102.0,12.9356792,77.6208012,-1.41,6.868,2.55,,1.38,6,0.24,12.9357278,77.6207948,-2.105,12.279,2.33,0.0,0.0,2.33,True,moving,0.65,3.13,568,0,2,0.2
512,102.2,12.9356792,77.6208012,-1.41,6.868,2.55,,1.38,6,0.44,12.9357323,77.6207948,-2.105,12.779,2.33,0.0,0.0,2.33,True,moving,0.65,3.13,568,0,2,0.4
513,102.4,12.9356792,77.6208012,-1.41,6.868,2.55,,1.38,6,0.64,12.9357368,77.6207948,-2.105,13.28,2.33,0.0,0.0,2.33,True,moving,0.65,3.13,568,0,2,0.6
514,102.6,12.9356792,77.6208012,-1.41,6.868,2.55,,1.38,6,0.84,12.9357413,77.6207948,-2.105,13.781,2.33,0.0,0.0,2.33,True,moving,0.65,3.13,568,0,2,0.8
515,102.8,12.9356865,77.6207943,-2.159,7.681,1.73,,1.7,6,0.04,12.9357457,77.6207948,-2.105,14.271,2.33,0.0,0.0,2.33,True,moving,0.65,3.13,568,0,2,1.0
516,103.0,12.9356865,77.6207943,-2.159,7.681,1.73,,1.7,6,0.24,12.935736,77.6207947,-2.116,13.191,1.75,360.0,-0.0,1.75,True,moving,1.49,7.08,569,0,2,0.13
517,103.2,12.9356865,77.6207943,-2.159,7.681,1.73,,1.7,6,0.44,12.9357393,77.6207947,-2.116,13.559,1.75,360.0,-0.0,1.75,True,moving,1.49,7.08,569,0,2,0.33
518,103.4,12.9356865,77.6207943,-2.159,7.681,1.73,,1.7,6,0.64,12.9357427,77.6207947,-2.116,13.937,1.75,360.0,-0.0,1.75,True,moving,1.49,7.08,569,0,2,0.53
519,103.6,12.9356865,77.6207943,-2.159,7.681,1.73,,1.7,6,0.84,12.935746,77.6207947,-2.116,14.305,1.75,360.0,-0.0,1.75,True,moving,1.49,7.08,569,0,2,0.73
520,103.8,12.9356865,77.6207943,-2.159,7.681,0.0,,1.7,6,0.04,12.9357494,77.6207947,-2.116,14.683,1.75,360.0,-0.0,1.75,True,moving,1.49,7.08,569,0,2,0.93
521,104.0,12.9356865,77.6207943,-2.159,7.681,0.0,,1.7,6,0.24,12.9357405,77.6207946,-2.126,13.692,1.42,359.9,-0.002,1.42,True,moving,1.57,7.37,570,0,2,0.07
522,104.2,12.9356865,77.6207943,-2.159,7.681,0.0,,1.7,6,0.44,12.9357432,77.6207946,-2.126,13.993,1.42,359.9,-0.002,1.42,True,moving,1.57,7.37,570,0,2,0.27
523,104.4,12.9356865,77.6207943,-2.159,7.681,0.0,,1.7,6,0.64,12.9357459,77.6207946,-2.126,14.293,1.42,359.9,-0.002,1.42,True,moving,1.57,7.37,570,0,2,0.47
524,104.6,12.9356865,77.6207943,-2.159,7.681,0.0,,1.7,6,0.84,12.9357486,77.6207946,-2.126,14.594,1.42,359.9,-0.002,1.42,True,moving,1.57,7.37,570,0,2,0.67
525,104.8,12.935695,77.6208032,-1.193,8.627,1.15,,1.73,6,0.04,12.9357401,77.6207961,-1.964,13.648,1.13,0.2,0.004,1.13,True,moving,1.27,6.34,571,0,2,0.02
526,105.0,12.935695,77.6208032,-1.193,8.627,1.15,,1.73,6,0.24,12.9357401,77.6207961,-1.964,13.648,1.13,0.2,0.004,1.13,True,moving,1.27,6.34,571,0,2,0.22
527,105.2,12.935695,77.6208032,-1.193,8.627,1.15,,1.73,6,0.44,12.9357425,77.6207961,-1.964,13.915,1.13,0.2,0.004,1.13,True,moving,1.27,6.34,571,0,2,0.42
528,105.4,12.935695,77.6208032,-1.193,8.627,1.15,,1.73,6,0.64,12.9357446,77.6207961,-1.964,14.149,1.13,0.2,0.004,1.13,True,moving,1.27,6.34,571,0,2,0.62
529,105.6,12.935695,77.6208032,-1.193,8.627,1.15,,1.73,6,0.84,12.9357468,77.6207961,-1.964,14.394,1.13,0.2,0.004,1.13,True,moving,1.27,6.34,571,0,2,0.82
530,105.8,12.935695,77.6208032,-1.193,8.627,0.0,,1.73,6,0.04,12.935749,77.6207961,-1.964,14.639,1.13,0.2,0.004,1.13,True,moving,1.27,6.34,571,0,2,1.02
531,106.0,12.935695,77.6208032,-1.193,8.627,0.0,,1.73,6,0.24,12.9357412,77.6207974,-1.823,13.77,0.84,2.8,0.041,0.839,True,moving,1.32,6.3,572,0,2,0.13
532,106.2,12.935695,77.6208032,-1.193,8.627,0.0,,1.73,6,0.44,12.9357428,77.6207974,-1.823,13.948,0.84,2.8,0.041,0.839,True,moving,1.32,6.3,572,0,2,0.33
533,106.4,12.935695,77.6208032,-1.193,8.627,0.0,,1.73,6,0.64,12.9357444,77.6207975,-1.812,14.126,0.84,2.8,0.041,0.839,True,moving,1.32,6.3,572,0,2,0.53
534,106.6,12.935695,77.6208032,-1.193,8.627,0.0,,1.73,6,0.84,12.935746,77.6207976,-1.801,14.305,0.84,2.8,0.041,0.839,True,moving,1.32,6.3,572,0,2,0.73
535,106.8,12.935695,77.6208032,-1.193,8.627,0.0,,1.73,6,0.04,12.9357476,77.6207977,-1.79,14.483,0.84,2.8,0.041,0.839,True,moving,1.32,6.3,572,0,2,0.93
536,107.0,12.935695,77.6208032,-1.193,8.627,0.0,,1.73,6,0.24,12.9357335,77.6207993,-1.617,12.913,0.13,,0.0,0.0,True,stationary,1.18,6.07,573,0,2,0.06
537,107.2,12.935695,77.6208032,-1.193,8.627,0.0,,1.73,6,0.44,12.9357335,77.6207996,-1.584,12.913,0.12,,0.0,0.0,True,stationary,1.18,6.07,573,0,2,0.26
538,107.4,12.935695,77.6208032,-1.193,8.627,0.0,,1.73,6,0.64,12.9357336,77.6207998,-1.562,12.924,0.12,,0.0,0.0,True,stationary,1.18,6.07,573,0,2,0.46
539,107.6,12.935695,77.6208032,-1.193,8.627,0.0,,1.73,6,0.84,12.9357337,77.6208,-1.541,12.935,0.11,,0.0,0.0,True,stationary,1.18,6.07,573,0,2,0.66
540,107.8,12.935688,77.6208057,-0.922,7.848,1.36,,1.73,6,0.05,12.935743,77.6207998,-1.562,13.971,1.24,0.5,0.011,1.24,True,moving,0.93,5.13,574,0,2,0.02
541,108.0,12.935688,77.6208057,-0.922,7.848,1.36,,1.73,6,0.24,12.935743,77.6207998,-1.562,13.971,1.24,0.5,0.011,1.24,True,moving,0.93,5.13,574,0,2,0.2
542,108.2,12.935688,77.6208057,-0.922,7.848,1.36,,1.73,6,0.44,12.9357455,77.6207998,-1.562,14.249,1.24,0.5,0.011,1.24,True,moving,0.93,5.13,574,0,2,0.4
543,108.4,12.935688,77.6208057,-0.922,7.848,1.36,,1.73,6,0.64,12.9357478,77.6207998,-1.562,14.505,1.24,0.5,0.011,1.24,True,moving,0.93,5.13,574,0,2,0.6
544,108.6,12.935688,77.6208057,-0.922,7.848,1.36,,1.73,6,0.84,12.9357502,77.6207999,-1.551,14.772,1.24,0.5,0.011,1.24,True,moving,0.93,5.13,574,0,2,0.8
545,108.8,12.935688,77.6208057,-0.922,7.848,0.0,,1.73,6,0.04,12.9357525,77.6207999,-1.551,15.028,1.24,0.5,0.011,1.24,True,moving,0.93,5.13,574,0,2,1.0
546,109.0,12.935688,77.6208057,-0.922,7.848,0.0,,1.73,6,0.24,12.9357428,77.620801,-1.432,13.948,0.87,2.8,0.042,0.869,True,moving,1.56,7.48,575,0,2,0.13
547,109.2,12.935688,77.6208057,-0.922,7.848,0.0,,1.73,6,0.44,12.9357445,77.620801,-1.432,14.138,0.87,2.8,0.042,0.869,True,moving,1.56,7.48,575,0,2,0.33
548,109.4,12.935688,77.6208057,-0.922,7.848,0.0,,1.73,6,0.64,12.9357462,77.6208011,-1.421,14.327,0.87,2.8,0.042,0.869,True,moving,1.56,7.48,575,0,2,0.53
549,109.6,12.935688,77.6208057,-0.922,7.848,0.0,,1.73,6,0.84,12.9357479,77.6208012,-1.41,14.516,0.87,2.8,0.042,0.869,True,moving,1.56,7.48,575,0,2,0.73
550,109.8,12.935688,77.6208057,-0.922,7.848,0.0,,1.73,6,0.04,12.9357495,77.6208013,-1.4,14.694,0.87,2.8,0.042,0.869,True,moving,1.56,7.48,575,0,2,0.93
551,110.0,12.935688,77.6208057,-0.922,7.848,0.0,,1.73,6,0.24,12.9357327,77.6208026,-1.259,12.824,0.11,,0.0,0.0,True,stationary,1.37,7.05,576,0,2,0.06
552,110.2,12.935688,77.6208057,-0.922,7.848,0.0,,1.73,6,0.44,12.9357326,77.6208028,-1.237,12.813,0.11,,0.0,0.0,True,stationary,1.37,7.05,576,0,2,0.26
553,110.4,12.935688,77.6208057,-0.922,7.848,0.0,,1.73,6,0.64,12.9357325,77.620803,-1.215,12.802,0.1,,0.0,0.0,True,stationary,1.37,7.05,576,0,2,0.46
554,110.6,12.935688,77.6208057,-0.922,7.848,0.0,,1.73,6,0.84,12.9357324,77.6208032,-1.193,12.791,0.1,,0.0,0.0,True,stationary,1.37,7.05,576,0,2,0.66
555,110.8,12.935688,77.6208057,-0.922,7.848,0.0,,1.38,6,0.04,12.9357105,77.6208045,-1.052,10.353,1.04,172.4,0.138,-1.031,True,moving,1.02,4.94,577,0,2,0.02
556,111.0,12.935688,77.6208057,-0.922,7.848,0.0,,1.38,6,0.24,12.9357105,77.6208045,-1.052,10.353,1.04,172.4,0.138,-1.031,True,moving,1.02,4.94,577,0,2,0.21
557,111.2,12.935688,77.6208057,-0.922,7.848,0.0,,1.38,6,0.44,12.9357084,77.6208048,-1.02,10.119,1.04,172.4,0.138,-1.031,True,moving,1.02,4.94,577,0,2,0.41
558,111.4,12.935688,77.6208057,-0.922,7.848,0.0,,1.38,6,0.64,12.9357064,77.6208051,-0.987,9.896,1.04,172.4,0.138,-1.031,True,moving,1.02,4.94,577,0,2,0.61
559,111.6,12.935688,77.6208057,-0.922,7.848,0.0,,1.38,6,0.84,12.9357045,77.6208053,-0.966,9.685,1.04,172.4,0.138,-1.031,True,moving,1.02,4.94,577,0,2,0.81
560,111.8,12.935688,77.6208057,-0.922,7.848,0.0,,1.73,6,0.04,12.9357025,77.6208056,-0.933,9.462,1.04,172.4,0.138,-1.031,True,moving,1.02,4.94,577,0,2,1.01
561,112.0,12.935688,77.6208057,-0.922,7.848,0.0,,1.73,6,0.24,12.9356952,77.6208058,-0.911,8.65,1.26,173.9,0.134,-1.253,True,moving,0.24,1.39,578,0,2,0.14
562,112.2,12.935688,77.6208057,-0.922,7.848,0.0,,1.73,6,0.44,12.9356928,77.6208061,-0.879,8.382,1.26,173.9,0.134,-1.253,True,moving,0.24,1.39,578,0,2,0.34
563,112.4,12.935688,77.6208057,-0.922,7.848,0.0,,1.73,6,0.64,12.9356904,77.6208063,-0.857,8.115,1.26,173.9,0.134,-1.253,True,moving,0.24,1.39,578,0,2,0.54
564,112.6,12.935688,77.6208057,-0.922,7.848,0.0,,1.73,6,0.84,12.935688,77.6208066,-0.825,7.848,1.26,173.9,0.134,-1.253,True,moving,0.24,1.39,578,0,2,0.74
565,112.8,12.935688,77.6208057,-0.922,7.848,0.0,,1.73,6,0.04,12.9356856,77.6208069,-0.792,7.581,1.26,173.9,0.134,-1.253,True,moving,0.24,1.39,578,0,2,0.94
566,113.0,12.935688,77.6208057,-0.922,7.848,0.0,,1.73,6,0.24,12.9356855,77.6208064,-0.846,7.57,1.16,174.7,0.107,-1.155,True,moving,0.09,0.56,579,0,2,0.06
567,113.2,12.935688,77.6208057,-0.922,7.848,0.0,,1.73,6,0.44,12.9356833,77.6208067,-0.814,7.325,1.16,174.7,0.107,-1.155,True,moving,0.09,0.56,579,0,2,0.26
568,113.4,12.935688,77.6208057,-0.922,7.848,0.0,,1.73,6,0.64,12.935681,77.6208069,-0.792,7.069,1.16,174.7,0.107,-1.155,True,moving,0.09,0.56,579,0,2,0.47
569,113.6,12.935688,77.6208057,-0.922,7.848,0.0,,1.73,6,0.84,12.9356787,77.6208071,-0.77,6.813,1.16,174.7,0.107,-1.155,True,moving,0.09,0.56,579,0,2,0.67
570,113.8,12.935688,77.6208057,-0.922,7.848,0.0,,1.73,6,0.04,12.9356787,77.6208071,-0.77,6.813,1.16,174.7,0.107,-1.155,True,moving,0.09,0.56,579,0,2,0.86
571,114.0,12.935688,77.6208057,-0.922,7.848,0.0,,1.73,6,0.24,12.935682,77.6208065,-0.835,7.18,0.93,175.3,0.076,-0.927,True,moving,0.22,1.31,580,0,2,0.18
572,114.2,12.935688,77.6208057,-0.922,7.848,0.0,,1.73,6,0.44,12.9356802,77.6208067,-0.814,6.98,0.93,175.3,0.076,-0.927,True,moving,0.22,1.31,580,0,2,0.38
573,114.4,12.935688,77.6208057,-0.922,7.848,0.0,,1.73,6,0.64,12.9356784,77.6208068,-0.803,6.779,0.93,175.3,0.076,-0.927,True,moving,0.22,1.31,580,0,2,0.58
574,114.6,12.935688,77.6208057,-0.922,7.848,0.0,,1.73,6,0.84,12.9356766,77.620807,-0.781,6.579,0.93,175.3,0.076,-0.927,True,moving,0.22,1.31,580,0,2,0.78
575,114.8,12.935688,77.6208057,-0.922,7.848,0.0,,1.73,6,0.04,12.9356748,77.6208071,-0.77,6.379,0.93,175.3,0.076,-0.927,True,moving,0.22,1.31,580,0,2,0.98
576,115.0,12.935688,77.6208057,-0.922,7.848,0.0,,1.73,6,0.24,12.9356808,77.6208065,-0.835,7.047,0.61,175.9,0.044,-0.608,True,moving,0.27,1.68,581,0,2,0.11
577,115.2,12.935688,77.6208057,-0.922,7.848,0.0,,1.73,6,0.44,12.9356796,77.6208065,-0.835,6.913,0.61,175.9,0.044,-0.608,True,moving,0.27,1.68,581,0,2,0.31
578,115.4,12.935688,77.6208057,-0.922,7.848,0.0,,1.73,6,0.64,12.9356785,77.6208066,-0.825,6.79,0.61,175.9,0.044,-0.608,True,moving,0.27,1.68,581,0,2,0.51
579,115.6,12.935688,77.6208057,-0.922,7.848,0.0,,1.73,6,0.84,12.9356773,77.6208067,-0.814,6.657,0.61,175.9,0.044,-0.608,True,moving,0.27,1.68,581,0,2,0.71
580,115.8,12.935688,77.6208057,-0.922,7.848,0.0,,1.73,6,0.04,12.9356761,77.6208068,-0.803,6.523,0.61,175.9,0.044,-0.608,True,moving,0.27,1.68,581,0,2,0.91
581,116.0,12.935688,77.6208057,-0.922,7.848,0.0,,1.73,6,0.24,12.9356819,77.6208063,-0.857,7.169,0.33,,0.0,0.0,True,stationary,0.23,1.46,582,0,2,0.03
582,116.2,12.935688,77.6208057,-0.922,7.848,0.0,,1.73,6,0.44,12.9356813,77.6208063,-0.857,7.102,0.32,,0.0,0.0,True,stationary,0.23,1.46,582,0,2,0.23
583,116.4,12.935688,77.6208057,-0.922,7.848,0.0,,1.73,6,0.64,12.9356807,77.6208063,-0.857,7.035,0.3,,0.0,0.0,True,stationary,0.23,1.46,582,0,2,0.44
584,116.6,12.935688,77.6208057,-0.922,7.848,0.0,,1.73,6,0.84,12.9356807,77.6208063,-0.857,7.035,0.3,,0.0,0.0,True,stationary,0.23,1.46,582,0,2,0.63
585,116.8,12.9356748,77.620819,0.521,6.379,1.04,,1.38,6,0.04,12.9356802,77.6208064,-0.846,6.98,0.29,,0.0,0.0,True,stationary,0.23,1.46,582,0,2,0.83
586,117.0,12.9356748,77.620819,0.521,6.379,1.04,,1.38,6,0.24,12.9356926,77.6208106,-0.391,8.36,0.95,1.1,0.018,0.95,True,moving,0.27,1.47,583,0,2,0.17
587,117.2,12.9356748,77.620819,0.521,6.379,1.04,,1.38,6,0.44,12.9356944,77.6208107,-0.38,8.56,0.95,1.1,0.018,0.95,True,moving,0.27,1.47,583,0,2,0.37
588,117.4,12.9356748,77.620819,0.521,6.379,1.04,,1.38,6,0.64,12.9356962,77.6208107,-0.38,8.761,0.95,1.1,0.018,0.95,True,moving,0.27,1.47,583,0,2,0.57
589,117.6,12.9356748,77.620819,0.521,6.379,1.04,,1.38,6,0.84,12.935698,77.6208107,-0.38,8.961,0.95,1.1,0.018,0.95,True,moving,0.27,1.47,583,0,2,0.77
590,117.8,12.935679,77.620827,1.389,6.846,1.91,,1.38,6,0.04,12.9356999,77.6208108,-0.369,9.173,0.95,1.1,0.018,0.95,True,moving,0.27,1.47,583,0,2,0.97
591,118.0,12.935679,77.620827,1.389,6.846,1.91,,1.38,6,0.24,12.9356992,77.6208152,0.108,9.095,1.83,0.3,0.01,1.83,True,moving,0.74,3.08,584,0,2,0.11
592,118.2,12.935679,77.620827,1.389,6.846,1.91,,1.38,6,0.44,12.9357027,77.6208152,0.108,9.484,1.83,0.3,0.01,1.83,True,moving,0.74,3.08,584,0,2,0.31
593,118.4,12.935679,77.620827,1.389,6.846,1.91,,1.38,6,0.64,12.9357062,77.6208152,0.108,9.874,1.83,0.3,0.01,1.83,True,moving,0.74,3.08,584,0,2,0.51
594,118.6,12.935679,77.620827,1.389,6.846,1.91,,1.38,6,0.84,12.9357097,77.6208153,0.119,10.264,1.83,0.3,0.01,1.83,True,moving,0.74,3.08,584,0,2,0.71
595,118.8,12.935679,77.620827,1.389,6.846,0.0,,1.38,6,0.03,12.9357134,77.6208153,0.119,10.676,1.83,0.3,0.01,1.83,True,moving,0.74,3.08,584,0,2,0.91
596,119.0,12.935679,77.620827,1.389,6.846,0.0,,1.38,6,0.23,12.9357072,77.6208183,0.445,9.985,1.56,3.3,0.09,1.557,True,moving,1.1,4.42,585,0,2,0.03
597,119.2,12.935679,77.620827,1.389,6.846,0.0,,1.38,6,0.46,12.9357103,77.6208185,0.467,10.33,1.56,3.3,0.09,1.557,True,moving,1.1,4.42,585,0,2,0.25
598,119.4,12.935679,77.620827,1.389,6.846,0.0,,1.38,6,0.63,12.9357103,77.6208185,0.467,10.33,1.56,3.3,0.09,1.557,True,moving,1.1,4.42,585,0,2,0.43
599,119.6,12.935679,77.620827,1.389,6.846,0.0,,1.38,6,0.83,12.9357135,77.6208187,0.488,10.687,1.56,3.3,0.09,1.557,True,moving,1.1,4.42,585,0,2,0.63
600,119.8,12.935679,77.620827,1.389,6.846,0.0,,1.38,6,0.04,12.9357165,77.6208189,0.51,11.021,1.56,3.3,0.09,1.557,True,moving,1.1,4.42,585,0,2,0.83
601,120.0,12.935679,77.620827,1.389,6.846,0.0,,1.38,6,0.24,12.935706,77.6208217,0.814,9.852,0.9,14.3,0.222,0.872,True,moving,1.09,4.59,586,0,2,0.15
602,120.2,12.935679,77.620827,1.389,6.846,0.0,,1.38,6,0.44,12.9357077,77.6208222,0.868,10.041,0.9,14.3,0.222,0.872,True,moving,1.09,4.59,586,0,2,0.35
603,120.4,12.935679,77.620827,1.389,6.846,0.0,,1.38,6,0.64,12.9357093,77.6208226,0.911,10.219,0.9,14.3,0.222,0.872,True,moving,1.09,4.59,586,0,2,0.55
604,120.6,12.935679,77.620827,1.389,6.846,0.0,,1.38,6,0.84,12.935711,77.620823,0.955,10.408,0.9,14.3,0.222,0.872,True,moving,1.09,4.59,586,0,2,0.75
605,120.8,12.935679,77.620827,1.389,6.846,0.0,,1.38,6,0.04,12.9357127,77.6208235,1.009,10.598,0.9,14.3,0.222,0.872,True,moving,1.09,4.59,586,0,2,0.95
606,121.0,12.935679,77.620827,1.389,6.846,0.0,,1.38,6,0.24,12.9356971,77.6208254,1.215,8.861,0.3,,0.0,0.0,True,stationary,0.82,3.95,587,0,2,0.07
607,121.2,12.935679,77.620827,1.389,6.846,0.0,,1.38,6,0.44,12.9356971,77.620826,1.28,8.861,0.29,,0.0,0.0,True,stationary,0.82,3.95,587,0,2,0.27
608,121.4,12.935679,77.620827,1.389,6.846,0.0,,1.38,6,0.64,12.935697,77.6208265,1.334,8.85,0.27,,0.0,0.0,True,stationary,0.82,3.95,587,0,2,0.47
609,121.6,12.935679,77.620827,1.389,6.846,0.0,,1.38,6,0.84,12.935697,77.620827,1.389,8.85,0.26,,0.0,0.0,True,stationary,0.82,3.95,587,0,2,0.67
610,121.8,12.9356605,77.6208257,1.248,4.787,1.16,,1.38,6,0.04,12.9357028,77.620824,1.063,9.496,1.03,0.8,0.014,1.03,True,moving,0.82,4.06,588,0,2,0.02
611,122.0,12.9356605,77.6208257,1.248,4.787,1.16,,1.38,6,0.24,12.9357028,77.620824,1.063,9.496,1.03,0.8,0.014,1.03,True,moving,0.82,4.06,588,0,2,0.21
612,122.2,12.9356605,77.6208257,1.248,4.787,1.16,,1.38,6,0.44,12.9357049,77.620824,1.063,9.729,1.03,0.8,0.014,1.03,True,moving,0.82,4.06,588,0,2,0.41
613,122.4,12.9356605,77.6208257,1.248,4.787,1.16,,1.38,6,0.64,12.9357068,77.6208241,1.074,9.941,1.03,0.8,0.014,1.03,True,moving,0.82,4.06,588,0,2,0.61
614,122.6,12.9356605,77.6208257,1.248,4.787,1.16,,1.38,6,0.84,12.9357088,77.6208241,1.074,10.163,1.03,0.8,0.014,1.03,True,moving,0.82,4.06,588,0,2,0.82
615,122.8,12.9356513,77.6208218,0.825,3.763,1.17,,1.38,6,0.04,12.9357108,77.6208241,1.074,10.386,1.03,0.8,0.014,1.03,True,moving,0.82,4.06,588,0,2,1.02
616,123.0,12.9356513,77.6208218,0.825,3.763,1.17,,1.38,6,0.24,12.9357006,77.6208236,1.02,9.251,1.12,360.0,-0.0,1.12,True,moving,1.72,6.84,589,0,2,0.13
617,123.2,12.9356513,77.6208218,0.825,3.763,1.17,,1.38,6,0.44,12.9357028,77.6208236,1.02,9.496,1.12,360.0,-0.0,1.12,True,moving,1.72,6.84,589,0,2,0.33
618,123.4,12.9356513,77.6208218,0.825,3.763,1.17,,1.38,6,0.64,12.9357049,77.6208236,1.02,9.729,1.12,360.0,-0.0,1.12,True,moving,1.72,6.84,589,0,2,0.53
619,123.6,12.9356513,77.6208218,0.825,3.763,1.17,,1.38,6,0.84,12.935707,77.6208236,1.02,9.963,1.12,360.0,-0.0,1.12,True,moving,1.72,6.84,589,0,2,0.73
620,123.8,12.9356513,77.6208218,0.825,3.763,0.0,,1.38,6,0.04,12.9357092,77.6208236,1.02,10.208,1.12,360.0,-0.0,1.12,True,moving,1.72,6.84,589,0,2,0.93
621,124.0,12.9356513,77.6208218,0.825,3.763,0.0,,1.38,6,0.24,12.9356982,77.6208232,0.976,8.983,0.69,358.9,-0.013,0.69,True,moving,1.71,6.69,590,0,2,0.06
622,124.2,12.9356513,77.6208218,0.825,3.763,0.0,,1.38,6,0.44,12.9356995,77.6208232,0.976,9.128,0.69,358.9,-0.013,0.69,True,moving,1.71,6.69,590,0,2,0.26
623,124.4,12.9356513,77.6208218,0.825,3.763,0.0,,1.38,6,0.64,12.9357008,77.6208232,0.976,9.273,0.69,358.9,-0.013,0.69,True,moving,1.71,6.69,590,0,2,0.46
624,124.6,12.9356513,77.6208218,0.825,3.763,0.0,,1.38,6,0.84,12.9357021,77.6208231,0.966,9.418,0.69,358.9,-0.013,0.69,True,moving,1.71,6.69,590,0,2,0.66
625,124.8,12.9356513,77.6208218,0.825,3.763,0.0,,1.38,6,0.04,12.9356872,77.6208227,0.922,7.759,0.21,,0.0,0.0,True,stationary,1.4,5.81,591,0,2,0.02
626,125.0,12.9356513,77.6208218,0.825,3.763,0.0,,1.38,6,0.24,12.9356872,77.6208227,0.922,7.759,0.21,,0.0,0.0,True,stationary,1.4,5.81,591,0,2,0.21
627,125.2,12.9356513,77.6208218,0.825,3.763,0.0,,1.38,6,0.44,12.9356868,77.6208226,0.911,7.714,0.2,,0.0,0.0,True,stationary,1.4,5.81,591,0,2,0.41
628,125.4,12.9356513,77.6208218,0.825,3.763,0.0,,1.38,6,0.64,12.9356865,77.6208226,0.911,7.681,0.19,,0.0,0.0,True,stationary,1.4,5.81,591,0,2,0.61
629,125.6,12.9356513,77.6208218,0.825,3.763,0.0,,1.38,6,0.84,12.9356861,77.6208225,0.901,7.637,0.18,,0.0,0.0,True,stationary,1.4,5.81,591,0,2,0.81
630,125.8,12.9356513,77.6208218,0.825,3.763,0.0,,1.49,6,0.04,12.9356858,77.6208224,0.89,7.603,0.17,,0.0,0.0,True,stationary,1.4,5.81,591,0,2,1.01
631,126.0,12.9356513,77.6208218,0.825,3.763,0.0,,1.49,6,0.23,12.9356708,77.6208221,0.857,5.933,0.86,182.6,-0.039,-0.859,True,moving,0.77,3.81,592,0,2,0.13
632,126.2,12.9356513,77.6208218,0.825,3.763,0.0,,1.49,6,0.44,12.9356692,77.6208221,0.857,5.755,0.86,182.6,-0.039,-0.859,True,moving,0.77,3.81,592,0,2,0.34
633,126.4,12.9356513,77.6208218,0.825,3.763,0.0,,1.49,6,0.64,12.9356675,77.620822,0.846,5.566,0.86,182.6,-0.039,-0.859,True,moving,0.77,3.81,592,0,2,0.53
634,126.6,12.9356513,77.6208218,0.825,3.763,0.0,,1.49,6,0.84,12.9356659,77.6208219,0.835,5.388,0.86,182.6,-0.039,-0.859,True,moving,0.77,3.81,592,0,2,0.73
635,126.8,12.9356513,77.6208218,0.825,3.763,0.0,,1.49,6,0.04,12.9356642,77.6208218,0.825,5.199,0.86,182.6,-0.039,-0.859,True,moving,0.77,3.81,592,0,2,0.93
636,127.0,12.9356513,77.6208218,0.825,3.763,0.0,,1.49,6,0.24,12.9356569,77.6208218,0.825,4.386,1.09,182.0,-0.038,-1.089,True,moving,0.24,1.25,593,0,2,0.06
637,127.2,12.9356513,77.6208218,0.825,3.763,0.0,,1.49,6,0.44,12.9356548,77.6208217,0.814,4.152,1.09,182.0,-0.038,-1.089,True,moving,0.24,1.25,593,0,2,0.26
638,127.4,12.9356513,77.6208218,0.825,3.763,0.0,,1.49,6,0.64,12.9356527,77.6208216,0.803,3.918,1.09,182.0,-0.038,-1.089,True,moving,0.24,1.25,593,0,2,0.46
639,127.6,12.9356513,77.6208218,0.825,3.763,0.0,,1.49,6,0.84,12.9356507,77.6208215,0.792,3.696,1.09,182.0,-0.038,-1.089,True,moving,0.24,1.25,593,0,2,0.66
640,127.8,12.9356438,77.6208293,1.638,2.928,2.26,,1.38,6,0.05,12.9356743,77.6208245,1.117,6.323,2.1,0.2,0.007,2.1,True,moving,0.2,1.0,594,0,2,0.02
641,128.0,12.9356438,77.6208293,1.638,2.928,2.26,,1.38,6,0.24,12.9356743,77.6208245,1.117,6.323,2.1,0.2,0.007,2.1,True,moving,0.2,1.0,594,0,2,0.21
642,128.2,12.9356438,77.6208293,1.638,2.928,2.26,,1.38,6,0.44,12.9356785,77.6208245,1.117,6.79,2.1,0.2,0.007,2.1,True,moving,0.2,1.0,594,0,2,0.41
643,128.4,12.9356438,77.6208293,1.638,2.928,2.26,,1.38,6,0.64,12.9356825,77.6208245,1.117,7.236,2.1,0.2,0.007,2.1,True,moving,0.2,1.0,594,0,2,0.61
644,128.6,12.9356438,77.6208293,1.638,2.928,2.26,,1.38,6,0.84,12.9356865,77.6208245,1.117,7.681,2.1,0.2,0.007,2.1,True,moving,0.2,1.0,594,0,2,0.81
645,128.8,12.9356438,77.6208293,1.638,2.928,0.0,,1.38,6,0.04,12.9356906,77.6208245,1.117,8.137,2.1,0.2,0.007,2.1,True,moving,0.2,1.0,594,0,2,1.01
646,129.0,12.9356438,77.6208293,1.638,2.928,0.0,,1.38,6,0.24,12.9356794,77.620826,1.28,6.891,1.74,1.3,0.039,1.74,True,moving,1.38,5.68,595,0,2,0.13
647,129.2,12.9356438,77.6208293,1.638,2.928,0.0,,1.38,6,0.44,12.9356827,77.6208261,1.291,7.258,1.74,1.3,0.039,1.74,True,moving,1.38,5.68,595,0,2,0.33
648,129.4,12.9356438,77.6208293,1.638,2.928,0.0,,1.38,6,0.64,12.935686,77.6208261,1.291,7.625,1.74,1.3,0.039,1.74,True,moving,1.38,5.68,595,0,2,0.53
649,129.6,12.9356438,77.6208293,1.638,2.928,0.0,,1.38,6,0.84,12.9356893,77.6208262,1.302,7.993,1.74,1.3,0.039,1.74,True,moving,1.38,5.68,595,0,2,0.73
650,129.8,12.9356438,77.6208293,1.638,2.928,0.0,,1.38,6,0.04,12.9356927,77.6208263,1.313,8.371,1.74,1.3,0.039,1.74,True,moving,1.38,5.68,595,0,2,0.93
651,130.0,12.9356438,77.6208293,1.638,2.928,0.0,,1.38,6,0.24,12.9356757,77.6208275,1.443,6.479,0.76,6.9,0.091,0.754,True,moving,1.32,5.82,596,0,2,0.06
652,130.2,12.9356438,77.6208293,1.638,2.928,0.0,,1.38,6,0.44,12.9356772,77.6208277,1.465,6.646,0.76,6.9,0.091,0.754,True,moving,1.32,5.82,596,0,2,0.26
653,130.4,12.9356438,77.6208293,1.638,2.928,0.0,,1.38,6,0.64,12.9356786,77.6208279,1.486,6.802,0.76,6.9,0.091,0.754,True,moving,1.32,5.82,596,0,2,0.46
654,130.6,12.9356438,77.6208293,1.638,2.928,0.0,,1.38,6,0.84,12.9356801,77.6208281,1.508,6.969,0.76,6.9,0.091,0.754,True,moving,1.32,5.82,596,0,2,0.66
655,130.8,12.9356447,77.6208193,0.553,3.028,1.18,,1.38,6,0.05,12.9356746,77.620825,1.172,6.356,1.13,359.8,-0.004,1.13,True,moving,0.9,4.21,597,0,2,0.02
656,131.0,12.9356447,77.6208193,0.553,3.028,1.18,,1.38,6,0.24,12.9356746,77.620825,1.172,6.356,1.13,359.8,-0.004,1.13,True,moving,0.9,4.21,597,0,2,0.21
657,131.2,12.9356447,77.6208193,0.553,3.028,1.18,,1.38,6,0.44,12.9356769,77.620825,1.172,6.612,1.13,359.8,-0.004,1.13,True,moving,0.9,4.21,597,0,2,0.41
658,131.4,12.9356447,77.6208193,0.553,3.028,1.18,,1.38,6,0.64,12.935679,77.620825,1.172,6.846,1.13,359.8,-0.004,1.13,True,moving,0.9,4.21,597,0,2,0.61
659,131.6,12.9356447,77.6208193,0.553,3.028,1.18,,1.38,6,0.84,12.9356812,77.620825,1.172,7.091,1.13,359.8,-0.004,1.13,True,moving,0.9,4.21,597,0,2,0.81
660,131.8,12.9356527,77.6208087,-0.597,3.918,1.18,,1.38,6,0.04,12.9356833,77.620825,1.172,7.325,1.13,359.8,-0.004,1.13,True,moving,0.9,4.21,597,0,2,1.01
661,132.0,12.9356527,77.6208087,-0.597,3.918,1.18,,1.38,6,0.24,12.9356781,77.6208212,0.759,6.746,1.16,359.6,-0.008,1.16,True,moving,1.01,4.05,598,0,2,0.14
662,132.2,12.9356527,77.6208087,-0.597,3.918,1.18,,1.38,6,0.44,12.9356803,77.6208212,0.759,6.991,1.16,359.6,-0.008,1.16,True,moving,1.01,4.05,598,0,2,0.34
663,132.4,12.9356527,77.6208087,-0.597,3.918,1.18,,1.38,6,0.64,12.9356825,77.6208212,0.759,7.236,1.16,359.6,-0.008,1.16,True,moving,1.01,4.05,598,0,2,0.54
664,132.6,12.9356527,77.6208087,-0.597,3.918,1.18,,1.38,6,0.84,12.9356847,77.6208212,0.759,7.481,1.16,359.6,-0.008,1.16,True,moving,1.01,4.05,598,0,2,0.74
665,132.8,12.9356527,77.6208087,-0.597,3.918,0.0,,1.38,6,0.04,12.9356869,77.6208211,0.749,7.726,1.16,359.6,-0.008,1.16,True,moving,1.01,4.05,598,0,2,0.94
666,133.0,12.9356527,77.6208087,-0.597,3.918,0.0,,1.38,6,0.24,12.9356807,77.6208182,0.434,7.035,0.9,354.0,-0.094,0.895,True,moving,1.09,4.28,599,0,2,0.07
667,133.2,12.9356527,77.6208087,-0.597,3.918,0.0,,1.38,6,0.44,12.9356824,77.6208181,0.423,7.225,0.9,354.0,-0.094,0.895,True,moving,1.09,4.28,599,0,2,0.27
668,133.4,12.9356527,77.6208087,-0.597,3.918,0.0,,1.38,6,0.64,12.9356841,77.6208179,0.401,7.414,0.9,354.0,-0.094,0.895,True,moving,1.09,4.28,599,0,2,0.47
669,133.6,12.9356527,77.6208087,-0.597,3.918,0.0,,1.38,6,0.84,12.9356859,77.6208177,0.38,7.614,0.9,354.0,-0.094,0.895,True,moving,1.09,4.28,599,0,2,0.67
670,133.8,12.9356527,77.6208087,-0.597,3.918,0.0,,1.38,6,0.04,12.9356765,77.6208147,0.054,6.568,0.39,,0.0,0.0,True,stationary,0.96,4.0,600,0,2,0.02
671,134.0,12.9356527,77.6208087,-0.597,3.918,0.0,,1.38,6,0.24,12.9356765,77.6208147,0.054,6.568,0.39,,0.0,0.0,True,stationary,0.96,4.0,600,0,2,0.22
672,134.2,12.9356527,77.6208087,-0.597,3.918,0.0,,1.38,6,0.44,12.9356772,77.6208142,0.0,6.646,0.37,,0.0,0.0,True,stationary,0.96,4.0,600,0,2,0.42
673,134.4,12.9356527,77.6208087,-0.597,3.918,0.0,,1.38,6,0.64,12.9356777,77.6208138,-0.043,6.701,0.36,,0.0,0.0,True,stationary,0.96,4.0,600,0,2,0.62
674,134.6,12.9356527,77.6208087,-0.597,3.918,0.0,,1.38,6,0.84,12.9356782,77.6208134,-0.087,6.757,0.34,,0.0,0.0,True,stationary,0.96,4.0,600,0,2,0.82
675,134.8,12.9356452,77.6207935,-2.246,3.084,1.27,,1.38,6,0.04,12.9356788,77.620813,-0.13,6.824,0.33,,0.0,0.0,True,stationary,0.96,4.0,600,0,2,1.02
676,135.0,12.9356452,77.6207935,-2.246,3.084,1.27,,1.38,6,0.24,12.9356857,77.6208114,-0.304,7.592,1.14,357.8,-0.044,1.139,True,moving,0.91,4.32,601,0,2,0.12
677,135.2,12.9356452,77.6207935,-2.246,3.084,1.27,,1.38,6,0.44,12.9356879,77.6208113,-0.315,7.837,1.14,357.8,-0.044,1.139,True,moving,0.91,4.32,601,0,2,0.32
678,135.4,12.9356452,77.6207935,-2.246,3.084,1.27,,1.38,6,0.64,12.9356901,77.6208112,-0.325,8.082,1.14,357.8,-0.044,1.139,True,moving,0.91,4.32,601,0,2,0.52
679,135.6,12.9356452,77.6207935,-2.246,3.084,1.27,,1.38,6,0.84,12.9356923,77.6208111,-0.336,8.327,1.14,357.8,-0.044,1.139,True,moving,0.91,4.32,601,0,2,0.72
680,135.8,12.9356452,77.6207935,-2.246,3.084,0.0,,1.7,6,0.04,12.9356945,77.6208111,-0.336,8.572,1.14,357.8,-0.044,1.139,True,moving,0.91,4.32,601,0,2,0.92
681,136.0,12.9356452,77.6207935,-2.246,3.084,0.0,,1.7,6,0.24,12.9356885,77.6208082,-0.651,7.904,0.85,350.3,-0.143,0.838,True,moving,1.3,6.03,602,0,2,0.05
682,136.2,12.9356452,77.6207935,-2.246,3.084,0.0,,1.7,6,0.44,12.9356901,77.6208079,-0.684,8.082,0.85,350.3,-0.143,0.838,True,moving,1.3,6.03,602,0,2,0.25
683,136.4,12.9356452,77.6207935,-2.246,3.084,0.0,,1.7,6,0.64,12.9356917,77.6208076,-0.716,8.26,0.85,350.3,-0.143,0.838,True,moving,1.3,6.03,602,0,2,0.45
684,136.6,12.9356452,77.6207935,-2.246,3.084,0.0,,1.7,6,0.85,12.9356933,77.6208074,-0.738,8.438,0.85,350.3,-0.143,0.838,True,moving,1.3,6.03,602,0,2,0.66
685,136.8,12.9356465,77.6207982,-1.736,3.228,1.58,,1.73,6,0.04,12.9356933,77.6208074,-0.738,8.438,0.85,350.3,-0.143,0.838,True,moving,1.3,6.03,602,0,2,0.85
686,137.0,12.9356465,77.6207982,-1.736,3.228,1.58,,1.73,6,0.24,12.9356934,77.6208069,-0.792,8.449,1.52,359.6,-0.011,1.52,True,moving,1.1,5.49,603,0,2,0.18
687,137.2,12.9356465,77.6207982,-1.736,3.228,1.58,,1.73,6,0.44,12.9356964,77.6208068,-0.803,8.783,1.52,359.6,-0.011,1.52,True,moving,1.1,5.49,603,0,2,0.38
688,137.4,12.9356465,77.6207982,-1.736,3.228,1.58,,1.73,6,0.64,12.9356993,77.6208068,-0.803,9.106,1.52,359.6,-0.011,1.52,True,moving,1.1,5.49,603,0,2,0.58
689,137.6,12.9356465,77.6207982,-1.736,3.228,1.58,,1.73,6,0.84,12.9357022,77.6208068,-0.803,9.429,1.52,359.6,-0.011,1.52,True,moving,1.1,5.49,603,0,2,0.78
690,137.8,12.9356465,77.6207982,-1.736,3.228,0.0,,1.38,6,0.04,12.935705,77.6208068,-0.803,9.74,1.52,359.6,-0.011,1.52,True,moving,1.1,5.49,603,0,2,0.98
691,138.0,12.9356465,77.6207982,-1.736,3.228,0.0,,1.38,6,0.24,12.9356934,77.6208047,-1.031,8.449,1.06,356.0,-0.074,1.057,True,moving,1.75,6.9,604,0,2,0.11
692,138.2,12.9356465,77.6207982,-1.736,3.228,0.0,,1.38,6,0.44,12.9356954,77.6208046,-1.042,8.672,1.06,356.0,-0.074,1.057,True,moving,1.75,6.9,604,0,2,0.31
693,138.4,12.9356465,77.6207982,-1.736,3.228,0.0,,1.38,6,0.64,12.9356975,77.6208044,-1.063,8.906,1.06,356.0,-0.074,1.057,True,moving,1.75,6.9,604,0,2,0.51
694,138.6,12.9356465,77.6207982,-1.736,3.228,0.0,,1.38,6,0.84,12.9356995,77.6208043,-1.074,9.128,1.06,356.0,-0.074,1.057,True,moving,1.75,6.9,604,0,2,0.71
695,138.8,12.9356465,77.6207982,-1.736,3.228,0.0,,1.38,6,0.04,12.9357015,77.6208041,-1.096,9.351,1.06,356.0,-0.074,1.057,True,moving,1.75,6.9,604,0,2,0.91
696,139.0,12.9356465,77.6207982,-1.736,3.228,0.0,,1.38,6,0.24,12.9356827,77.6208019,-1.334,7.258,0.19,,0.0,0.0,True,stationary,1.47,6.38,605,0,2,0.05
697,139.2,12.9356465,77.6207982,-1.736,3.228,0.0,,1.38,6,0.44,12.9356826,77.6208015,-1.378,7.247,0.18,,0.0,0.0,True,stationary,1.47,6.38,605,0,2,0.25
698,139.4,12.9356465,77.6207982,-1.736,3.228,0.0,,1.38,6,0.64,12.9356825,77.6208012,-1.41,7.236,0.18,,0.0,0.0,True,stationary,1.47,6.38,605,0,2,0.45
699,139.6,12.9356465,77.6207982,-1.736,3.228,0.0,,1.38,6,0.85,12.9356824,77.6208009,-1.443,7.225,0.17,,0.0,0.0,True,stationary,1.47,6.38,605,0,2,0.66
700,139.8,12.935641,77.6208008,-1.454,2.616,1.15,,1.38,6,0.04,12.9356824,77.6208009,-1.443,7.225,0.17,,0.0,0.0,True,stationary,1.47,6.38,605,0,2,0.85
701,140.0,12.935641,77.6208008,-1.454,2.616,1.15,,1.38,6,0.24,12.9356879,77.6208024,-1.28,7.837,1.01,359.4,-0.011,1.01,True,moving,0.98,4.59,606,0,2,0.18
702,140.2,12.935641,77.6208008,-1.454,2.616,1.15,,1.38,6,0.44,12.9356899,77.6208024,-1.28,8.06,1.01,359.4,-0.011,1.01,True,moving,0.98,4.59,606,0,2,0.38
703,140.4,12.935641,77.6208008,-1.454,2.616,1.15,,1.38,6,0.64,12.9356919,77.6208024,-1.28,8.282,1.01,359.4,-0.011,1.01,True,moving,0.98,4.59,606,0,2,0.57
704,140.6,12.935641,77.6208008,-1.454,2.616,1.15,,1.38,6,0.84,12.9356939,77.6208024,-1.28,8.505,1.01,359.4,-0.011,1.01,True,moving,0.98,4.59,606,0,2,0.77
705,140.8,12.935652,77.6208008,-1.454,3.841,1.15,,1.38,6,0.04,12.9356958,77.6208023,-1.291,8.716,1.01,359.4,-0.011,1.01,True,moving,0.98,4.59,606,0,2,0.97
706,141.0,12.935652,77.6208008,-1.454,3.841,1.15,,1.38,6,0.24,12.9356898,77.6208021,-1.313,8.048,1.11,359.9,-0.002,1.11,True,moving,1.3,5.1,607,0,2,0.08
707,141.2,12.935652,77.6208008,-1.454,3.841,1.15,,1.38,6,0.44,12.9356919,77.6208021,-1.313,8.282,1.11,359.9,-0.002,1.11,True,moving,1.3,5.1,607,0,2,0.28
708,141.4,12.935652,77.6208008,-1.454,3.841,1.15,,1.38,6,0.64,12.9356941,77.6208021,-1.313,8.527,1.11,359.9,-0.002,1.11,True,moving,1.3,5.1,607,0,2,0.48
709,141.6,12.935652,77.6208008,-1.454,3.841,1.15,,1.38,6,0.84,12.9356962,77.6208021,-1.313,8.761,1.11,359.9,-0.002,1.11,True,moving,1.3,5.1,607,0,2,0.68
710,141.8,12.935652,77.6208008,-1.454,3.841,1.15,,1.38,6,0.04,12.9356906,77.6208019,-1.334,8.137,1.13,360.0,-0.0,1.13,True,moving,1.35,5.16,608,0,2,0.02
711,142.0,12.935652,77.6208008,-1.454,3.841,1.15,,1.38,6,0.25,12.9356929,77.6208019,-1.334,8.393,1.13,360.0,-0.0,1.13,True,moving,1.35,5.16,608,0,2,0.24
712,142.2,12.935652,77.6208008,-1.454,3.841,1.15,,1.38,6,0.44,12.9356929,77.6208019,-1.334,8.393,1.13,360.0,-0.0,1.13,True,moving,1.35,5.16,608,0,2,0.42
713,142.4,12.935652,77.6208008,-1.454,3.841,1.15,,1.38,6,0.64,12.9356951,77.6208019,-1.334,8.638,1.13,360.0,-0.0,1.13,True,moving,1.35,5.16,608,0,2,0.62
714,142.6,12.935652,77.6208008,-1.454,3.841,1.15,,1.38,6,0.84,12.9356973,77.6208019,-1.334,8.883,1.13,360.0,-0.0,1.13,True,moving,1.35,5.16,608,0,2,0.82
715,142.8,12.935652,77.6208008,-1.454,3.841,0.0,,1.38,6,0.04,12.9356994,77.6208019,-1.334,9.117,1.13,360.0,-0.0,1.13,True,moving,1.35,5.16,608,0,2,1.02
716,143.0,12.935652,77.6208008,-1.454,3.841,0.0,,1.38,6,0.24,12.935692,77.6208017,-1.356,8.293,0.75,359.3,-0.009,0.75,True,moving,1.44,5.52,609,0,2,0.14
717,143.2,12.935652,77.6208008,-1.454,3.841,0.0,,1.38,6,0.44,12.9356934,77.6208016,-1.367,8.449,0.75,359.3,-0.009,0.75,True,moving,1.44,5.52,609,0,2,0.34
718,143.4,12.935652,77.6208008,-1.454,3.841,0.0,,1.38,6,0.64,12.9356949,77.6208016,-1.367,8.616,0.75,359.3,-0.009,0.75,True,moving,1.44,5.52,609,0,2,0.54
719,143.6,12.935652,77.6208008,-1.454,3.841,0.0,,1.38,6,0.84,12.9356963,77.6208016,-1.367,8.772,0.75,359.3,-0.009,0.75,True,moving,1.44,5.52,609,0,2,0.74
720,143.8,12.935652,77.6208008,-1.454,3.841,0.0,,1.73,6,0.04,12.9356977,77.6208016,-1.367,8.928,0.75,359.3,-0.009,0.75,True,moving,1.44,5.52,609,0,2,0.94
721,144.0,12.935652,77.6208008,-1.454,3.841,0.0,,1.73,6,0.24,12.9356871,77.6208014,-1.389,7.748,0.05,,0.0,0.0,True,stationary,1.05,5.25,610,0,2,0.08
722,144.2,12.935652,77.6208008,-1.454,3.841,0.0,,1.73,6,0.44,12.9356872,77.6208013,-1.4,7.759,0.05,,0.0,0.0,True,stationary,1.05,5.25,610,0,2,0.28
723,144.4,12.935652,77.6208008,-1.454,3.841,0.0,,1.73,6,0.64,12.9356873,77.6208013,-1.4,7.77,0.05,,0.0,0.0,True,stationary,1.05,5.25,610,0,2,0.48
724,144.6,12.935652,77.6208008,-1.454,3.841,0.0,,1.73,6,0.84,12.9356874,77.6208013,-1.4,7.781,0.05,,0.0,0.0,True,stationary,1.05,5.25,610,0,2,0.68
725,144.8,12.935652,77.6208008,-1.454,3.841,0.0,,1.38,6,0.04,12.9356704,77.620801,-1.432,5.889,0.78,181.9,-0.026,-0.78,True,moving,0.82,3.95,611,0,2,0.02
726,145.0,12.935652,77.6208008,-1.454,3.841,0.0,,1.38,6,0.24,12.9356689,77.620801,-1.432,5.722,0.78,181.9,-0.026,-0.78,True,moving,0.82,3.95,611,0,2,0.23
727,145.2,12.935652,77.6208008,-1.454,3.841,0.0,,1.38,6,0.44,12.9356689,77.620801,-1.432,5.722,0.78,181.9,-0.026,-0.78,True,moving,0.82,3.95,611,0,2,0.42
728,145.4,12.935652,77.6208008,-1.454,3.841,0.0,,1.38,6,0.64,12.9356674,77.6208009,-1.443,5.555,0.78,181.9,-0.026,-0.78,True,moving,0.82,3.95,611,0,2,0.62
729,145.6,12.935652,77.6208008,-1.454,3.841,0.0,,1.38,6,0.84,12.9356659,77.6208009,-1.443,5.388,0.78,181.9,-0.026,-0.78,True,moving,0.82,3.95,611,0,2,0.82
730,145.8,12.9356523,77.6208077,-0.705,3.874,1.67,,1.73,6,0.04,12.9356644,77.6208008,-1.454,5.221,0.78,181.9,-0.026,-0.78,True,moving,0.82,3.95,611,0,2,1.02
731,146.0,12.9356523,77.6208077,-0.705,3.874,1.67,,1.73,6,0.24,12.9356861,77.6208027,-1.248,7.637,1.54,0.2,0.005,1.54,True,moving,0.25,1.4,612,0,2,0.15
732,146.2,12.9356523,77.6208077,-0.705,3.874,1.67,,1.73,6,0.44,12.935689,77.6208027,-1.248,7.959,1.54,0.2,0.005,1.54,True,moving,0.25,1.4,612,0,2,0.35
733,146.4,12.9356523,77.6208077,-0.705,3.874,1.67,,1.73,6,0.64,12.935692,77.6208027,-1.248,8.293,1.54,0.2,0.005,1.54,True,moving,0.25,1.4,612,0,2,0.55
734,146.6,12.9356523,77.6208077,-0.705,3.874,1.67,,1.73,6,0.84,12.9356949,77.6208027,-1.248,8.616,1.54,0.2,0.005,1.54,True,moving,0.25,1.4,612,0,2,0.75
735,146.8,12.9356523,77.6208077,-0.705,3.874,0.0,,1.38,6,0.04,12.9356979,77.6208027,-1.248,8.95,1.54,0.2,0.005,1.54,True,moving,0.25,1.4,612,0,2,0.95
736,147.0,12.9356523,77.6208077,-0.705,3.874,0.0,,1.38,6,0.24,12.9356857,77.6208043,-1.074,7.592,1.21,1.8,0.038,1.209,True,moving,1.3,5.43,613,0,2,0.09
737,147.2,12.9356523,77.6208077,-0.705,3.874,0.0,,1.38,6,0.44,12.935688,77.6208044,-1.063,7.848,1.21,1.8,0.038,1.209,True,moving,1.3,5.43,613,0,2,0.29
738,147.4,12.9356523,77.6208077,-0.705,3.874,0.0,,1.38,6,0.64,12.9356903,77.6208044,-1.063,8.104,1.21,1.8,0.038,1.209,True,moving,1.3,5.43,613,0,2,0.49
739,147.6,12.9356523,77.6208077,-0.705,3.874,0.0,,1.38,6,0.84,12.9356926,77.6208045,-1.052,8.36,1.21,1.8,0.038,1.209,True,moving,1.3,5.43,613,0,2,0.69
740,147.8,12.9356523,77.6208077,-0.705,3.874,0.0,,1.38,6,0.04,12.93568,77.6208057,-0.922,6.957,0.54,9.3,0.087,0.533,True,moving,1.11,4.76,614,0,2,0.03
741,148.0,12.9356523,77.6208077,-0.705,3.874,0.0,,1.38,6,0.24,12.935681,77.6208058,-0.911,7.069,0.54,9.3,0.087,0.533,True,moving,1.11,4.76,614,0,2,0.24
742,148.2,12.9356523,77.6208077,-0.705,3.874,0.0,,1.38,6,0.44,12.935681,77.6208058,-0.911,7.069,0.54,9.3,0.087,0.533,True,moving,1.11,4.76,614,0,2,0.43
743,148.4,12.9356523,77.6208077,-0.705,3.874,0.0,,1.38,6,0.64,12.9356821,77.620806,-0.89,7.191,0.54,9.3,0.087,0.533,True,moving,1.11,4.76,614,0,2,0.63
744,148.6,12.9356523,77.6208077,-0.705,3.874,0.0,,1.38,6,0.84,12.9356831,77.6208062,-0.868,7.303,0.54,9.3,0.087,0.533,True,moving,1.11,4.76,614,0,2,0.83
745,148.8,12.9356523,77.6208077,-0.705,3.874,0.0,,1.73,6,0.04,12.9356841,77.6208064,-0.846,7.414,0.54,9.3,0.087,0.533,True,moving,1.11,4.76,614,0,2,1.03
746,149.0,12.9356523,77.6208077,-0.705,3.874,0.0,,1.73,6,0.24,12.9356727,77.620807,-0.781,6.145,0.15,,0.0,0.0,True,stationary,0.67,3.66,615,0,2,0.14
747,149.2,12.9356523,77.6208077,-0.705,3.874,0.0,,1.73,6,0.44,12.9356725,77.6208072,-0.759,6.123,0.14,,0.0,0.0,True,stationary,0.67,3.66,615,0,2,0.34
748,149.4,12.9356523,77.6208077,-0.705,3.874,0.0,,1.73,6,0.64,12.9356723,77.6208074,-0.738,6.1,0.14,,0.0,0.0,True,stationary,0.67,3.66,615,0,2,0.54
749,149.6,12.9356523,77.6208077,-0.705,3.874,0.0,,1.73,6,0.84,12.9356721,77.6208076,-0.716,6.078,0.13,,0.0,0.0,True,stationary,0.67,3.66,615,0,2,0.74
750,149.8,12.9356522,77.6208213,0.77,3.863,1.44,,1.73,6,0.04,12.935672,77.6208078,-0.694,6.067,0.13,,0.0,0.0,True,stationary,0.67,3.66,615,0,2,0.94
751,150.0,12.9356522,77.6208213,0.77,3.863,1.44,,1.73,6,0.24,12.9356908,77.6208091,-0.553,8.16,1.33,0.9,0.021,1.33,True,moving,0.43,2.62,616,0,2,0.06
752,150.2,12.9356522,77.6208213,0.77,3.863,1.44,,1.73,6,0.44,12.9356934,77.6208091,-0.553,8.449,1.33,0.9,0.021,1.33,True,moving,0.43,2.62,616,0,2,0.26
753,150.4,12.9356522,77.6208213,0.77,3.863,1.44,,1.73,6,0.64,12.9356959,77.6208092,-0.542,8.727,1.33,0.9,0.021,1.33,True,moving,0.43,2.62,616,0,2,0.46
754,150.6,12.9356522,77.6208213,0.77,3.863,1.44,,1.73,6,0.84,12.9356984,77.6208092,-0.542,9.006,1.33,0.9,0.021,1.33,True,moving,0.43,2.62,616,0,2,0.66
755,150.8,12.9356558,77.6208362,2.387,4.264,1.64,,1.73,6,0.05,12.9356948,77.6208136,-0.065,8.605,1.6,0.4,0.011,1.6,True,moving,1.22,5.82,617,0,2,0.02
756,151.0,12.9356558,77.6208362,2.387,4.264,1.64,,1.73,6,0.24,12.9356948,77.6208136,-0.065,8.605,1.6,0.4,0.011,1.6,True,moving,1.22,5.82,617,0,2,0.21
757,151.2,12.9356558,77.6208362,2.387,4.264,1.64,,1.73,6,0.44,12.935698,77.6208137,-0.054,8.961,1.6,0.4,0.011,1.6,True,moving,1.22,5.82,617,0,2,0.41
758,151.4,12.9356558,77.6208362,2.387,4.264,1.64,,1.73,6,0.64,12.9357011,77.6208137,-0.054,9.306,1.6,0.4,0.011,1.6,True,moving,1.22,5.82,617,0,2,0.61
759,151.6,12.9356558,77.6208362,2.387,4.264,1.64,,1.73,6,0.84,12.9357041,77.6208137,-0.054,9.64,1.6,0.4,0.011,1.6,True,moving,1.22,5.82,617,0,2,0.81
760,151.8,12.9356558,77.6208362,2.387,4.264,0.0,,1.73,6,0.04,12.9357072,77.6208137,-0.054,9.985,1.6,0.4,0.011,1.6,True,moving,1.22,5.82,617,0,2,1.01
761,152.0,12.9356558,77.6208362,2.387,4.264,0.0,,1.73,6,0.24,12.9357007,77.6208177,0.38,9.262,1.33,5.2,0.121,1.325,True,moving,1.37,6.53,618,0,2,0.13
762,152.2,12.9356558,77.6208362,2.387,4.264,0.0,,1.73,6,0.44,12.9357032,77.6208179,0.401,9.54,1.33,5.2,0.121,1.325,True,moving,1.37,6.53,618,0,2,0.33
763,152.4,12.9356558,77.6208362,2.387,4.264,0.0,,1.73,6,0.64,12.9357058,77.6208182,0.434,9.83,1.33,5.2,0.121,1.325,True,moving,1.37,6.53,618,0,2,0.53
764,152.6,12.9356558,77.6208362,2.387,4.264,0.0,,1.73,6,0.84,12.9357083,77.6208184,0.456,10.108,1.33,5.2,0.121,1.325,True,moving,1.37,6.53,618,0,2,0.73
765,152.8,12.9356558,77.6208362,2.387,4.264,0.0,,1.73,6,0.04,12.9357109,77.6208186,0.477,10.397,1.33,5.2,0.121,1.325,True,moving,1.37,6.53,618,0,2,0.93
766,153.0,12.9356558,77.6208362,2.387,4.264,0.0,,1.73,6,0.24,12.935697,77.6208238,1.042,8.85,0.62,35.9,0.364,0.502,True,moving,1.31,6.68,619,0,2,0.07
767,153.2,12.9356558,77.6208362,2.387,4.264,0.0,,1.73,6,0.44,12.9356979,77.6208245,1.117,8.95,0.62,35.9,0.364,0.502,True,moving,1.31,6.68,619,0,2,0.27
768,153.4,12.9356558,77.6208362,2.387,4.264,0.0,,1.73,6,0.64,12.9356989,77.6208252,1.193,9.061,0.62,35.9,0.364,0.502,True,moving,1.31,6.68,619,0,2,0.47
769,153.6,12.9356558,77.6208362,2.387,4.264,0.0,,1.73,6,0.84,12.9356998,77.6208259,1.269,9.162,0.62,35.9,0.364,0.502,True,moving,1.31,6.68,619,0,2,0.67
770,153.8,12.9356495,77.6208377,2.55,3.562,1.01,,1.73,6,0.04,12.9356948,77.6208255,1.226,8.605,0.95,1.3,0.022,0.95,True,moving,1.06,5.83,620,0,2,0.02
771,154.0,12.9356495,77.6208377,2.55,3.562,1.01,,1.73,6,0.25,12.9356966,77.6208256,1.237,8.805,0.95,1.3,0.022,0.95,True,moving,1.06,5.83,620,0,2,0.23
772,154.2,12.9356495,77.6208377,2.55,3.562,1.01,,1.73,6,0.44,12.9356966,77.6208256,1.237,8.805,0.95,1.3,0.022,0.95,True,moving,1.06,5.83,620,0,2,0.42
773,154.4,12.9356495,77.6208377,2.55,3.562,1.01,,1.73,6,0.64,12.9356985,77.6208256,1.237,9.017,0.95,1.3,0.022,0.95,True,moving,1.06,5.83,620,0,2,0.62
774,154.6,12.9356495,77.6208377,2.55,3.562,1.01,,1.73,6,0.84,12.9357004,77.6208257,1.248,9.228,0.95,1.3,0.022,0.95,True,moving,1.06,5.83,620,0,2,0.82
775,154.8,12.9356475,77.620838,2.582,3.34,0.81,,1.73,6,0.04,12.9357022,77.6208257,1.248,9.429,0.95,1.3,0.022,0.95,True,moving,1.06,5.83,620,0,2,1.02
776,155.0,12.9356475,77.620838,2.582,3.34,0.81,,1.73,6,0.24,12.9356929,77.6208279,1.486,8.393,0.8,0.4,0.006,0.8,True,moving,1.32,6.43,621,0,2,0.14
777,155.2,12.9356475,77.620838,2.582,3.34,0.81,,1.73,6,0.44,12.9356945,77.6208279,1.486,8.572,0.8,0.4,0.006,0.8,True,moving,1.32,6.43,621,0,2,0.34
778,155.4,12.9356475,77.620838,2.582,3.34,0.81,,1.73,6,0.64,12.935696,77.620828,1.497,8.739,0.8,0.4,0.006,0.8,True,moving,1.32,6.43,621,0,2,0.54
779,155.6,12.9356475,77.620838,2.582,3.34,0.81,,1.73,6,0.84,12.9356976,77.620828,1.497,8.917,0.8,0.4,0.006,0.8,True,moving,1.32,6.43,621,0,2,0.74
780,155.8,12.9356475,77.620838,2.582,3.34,0.0,,1.73,6,0.04,12.9356991,77.620828,1.497,9.084,0.8,0.4,0.006,0.8,True,moving,1.32,6.43,621,0,2,0.94
781,156.0,12.9356475,77.620838,2.582,3.34,0.0,,1.73,6,0.24,12.9356907,77.6208299,1.703,8.149,0.54,5.7,0.054,0.537,True,moving,1.25,6.02,622,0,2,0.06
782,156.2,12.9356475,77.620838,2.582,3.34,0.0,,1.73,6,0.44,12.9356917,77.62083,1.714,8.26,0.54,5.7,0.054,0.537,True,moving,1.25,6.02,622,0,2,0.26
783,156.4,12.9356475,77.620838,2.582,3.34,0.0,,1.73,6,0.64,12.9356927,77.6208301,1.725,8.371,0.54,5.7,0.054,0.537,True,moving,1.25,6.02,622,0,2,0.46
784,156.6,12.9356475,77.620838,2.582,3.34,0.0,,1.73,6,0.84,12.9356938,77.6208302,1.736,8.494,0.54,5.7,0.054,0.537,True,moving,1.25,6.02,622,0,2,0.66
785,156.8,12.9356458,77.6208365,2.419,3.15,1.59,,1.73,6,0.04,12.9356938,77.6208302,1.736,8.494,0.54,5.7,0.054,0.537,True,moving,1.25,6.02,622,0,2,0.86
786,157.0,12.9356458,77.6208365,2.419,3.15,1.59,,1.73,6,0.24,12.9356937,77.620831,1.823,8.483,1.51,0.2,0.005,1.51,True,moving,1.1,5.51,623,0,2,0.18
787,157.2,12.9356458,77.6208365,2.419,3.15,1.59,,1.73,6,0.43,12.9356966,77.620831,1.823,8.805,1.51,0.2,0.005,1.51,True,moving,1.1,5.51,623,0,2,0.38
788,157.4,12.9356458,77.6208365,2.419,3.15,1.59,,1.73,6,0.64,12.9356995,77.620831,1.823,9.128,1.51,0.2,0.005,1.51,True,moving,1.1,5.51,623,0,2,0.58
789,157.6,12.9356458,77.6208365,2.419,3.15,1.59,,1.73,6,0.84,12.9357024,77.620831,1.823,9.451,1.51,0.2,0.005,1.51,True,moving,1.1,5.51,623,0,2,0.78
790,157.8,12.9356612,77.6208312,1.844,4.865,1.59,,1.73,6,0.04,12.9357053,77.620831,1.823,9.774,1.51,0.2,0.005,1.51,True,moving,1.1,5.51,623,0,2,0.98
791,158.0,12.9356612,77.6208312,1.844,4.865,1.59,,1.73,6,0.24,12.935701,77.6208311,1.834,9.295,1.57,0.0,0.0,1.57,True,moving,1.09,5.23,624,0,2,0.11
792,158.2,12.9356612,77.6208312,1.844,4.865,1.59,,1.73,6,0.44,12.9357041,77.6208311,1.834,9.64,1.57,0.0,0.0,1.57,True,moving,1.09,5.23,624,0,2,0.31
793,158.4,12.9356612,77.6208312,1.844,4.865,1.59,,1.73,6,0.64,12.9357071,77.6208311,1.834,9.974,1.57,0.0,0.0,1.57,True,moving,1.09,5.23,624,0,2,0.51
794,158.6,12.9356612,77.6208312,1.844,4.865,1.59,,1.73,6,0.84,12.93571,77.6208311,1.834,10.297,1.57,0.0,0.0,1.57,True,moving,1.09,5.23,624,0,2,0.71
795,158.8,12.9356612,77.6208312,1.844,4.865,0.0,,1.73,6,0.04,12.935713,77.6208311,1.834,10.631,1.57,0.0,0.0,1.57,True,moving,1.09,5.23,624,0,2,0.91
796,159.0,12.9356612,77.6208312,1.844,4.865,0.0,,1.73,6,0.24,12.9357067,77.6208311,1.834,9.93,1.3,0.1,0.002,1.3,True,moving,1.29,6.1,625,0,2,0.04
797,159.2,12.9356612,77.6208312,1.844,4.865,0.0,,1.73,6,0.44,12.9357092,77.6208311,1.834,10.208,1.3,0.1,0.002,1.3,True,moving,1.29,6.1,625,0,2,0.24
798,159.4,12.9356612,77.6208312,1.844,4.865,0.0,,1.73,6,0.64,12.9357117,77.6208311,1.834,10.486,1.3,0.1,0.002,1.3,True,moving,1.29,6.1,625,0,2,0.44
799,159.6,12.9356612,77.6208312,1.844,4.865,0.0,,1.73,6,0.85,12.9357142,77.6208311,1.834,10.765,1.3,0.1,0.002,1.3,True,moving,1.29,6.1,625,0,2,0.66
800,159.8,12.9356685,77.6208335,2.094,5.677,1.71,,1.73,6,0.04,12.9357142,77.6208311,1.834,10.765,1.3,0.1,0.002,1.3,True,moving,1.29,6.1,625,0,2,0.84
801,160.0,12.9356685,77.6208335,2.094,5.677,1.71,,1.73,6,0.24,12.9357119,77.6208315,1.877,10.509,1.66,0.0,0.0,1.66,True,moving,1.08,5.38,626,0,2,0.18
802,160.2,12.9356685,77.6208335,2.094,5.677,1.71,,1.73,6,0.44,12.9357151,77.6208315,1.877,10.865,1.66,0.0,0.0,1.66,True,moving,1.08,5.38,626,0,2,0.38
803,160.4,12.9356685,77.6208335,2.094,5.677,1.71,,1.73,6,0.64,12.9357183,77.6208315,1.877,11.221,1.66,0.0,0.0,1.66,True,moving,1.08,5.38,626,0,2,0.58
804,160.6,12.9356685,77.6208335,2.094,5.677,1.71,,1.73,6,0.84,12.9357215,77.6208315,1.877,11.577,1.66,0.0,0.0,1.66,True,moving,1.08,5.38,626,0,2,0.78
805,160.8,12.9356685,77.6208335,2.094,5.677,0.0,,1.73,6,0.04,12.9357247,77.6208315,1.877,11.933,1.66,0.0,0.0,1.66,True,moving,1.08,5.38,626,0,2,0.99
806,161.0,12.9356685,77.6208335,2.094,5.677,0.0,,1.73,6,0.24,12.9357177,77.6208318,1.91,11.154,1.36,0.5,0.012,1.36,True,moving,1.39,6.63,627,0,2,0.11
807,161.2,12.9356685,77.6208335,2.094,5.677,0.0,,1.73,6,0.44,12.9357203,77.6208319,1.92,11.444,1.36,0.5,0.012,1.36,True,moving,1.39,6.63,627,0,2,0.31
808,161.4,12.9356685,77.6208335,2.094,5.677,0.0,,1.73,6,0.64,12.935723,77.6208319,1.92,11.744,1.36,0.5,0.012,1.36,True,moving,1.39,6.63,627,0,2,0.51
809,161.6,12.9356685,77.6208335,2.094,5.677,0.0,,1.73,6,0.84,12.9357256,77.6208319,1.92,12.034,1.36,0.5,0.012,1.36,True,moving,1.39,6.63,627,0,2,0.71
810,161.8,12.9356685,77.6208335,2.094,5.677,0.0,,1.73,6,0.04,12.9357282,77.6208319,1.92,12.323,1.36,0.5,0.012,1.36,True,moving,1.39,6.63,627,0,2,0.91
811,162.0,12.9356685,77.6208335,2.094,5.677,0.0,,1.73,6,0.24,12.9357128,77.6208324,1.975,10.609,0.44,4.4,0.034,0.439,True,moving,1.35,6.94,628,0,2,0.02
812,162.2,12.9356685,77.6208335,2.094,5.677,0.0,,1.73,6,0.44,12.9357136,77.6208325,1.985,10.698,0.44,4.4,0.034,0.439,True,moving,1.35,6.94,628,0,2,0.23
813,162.4,12.9356685,77.6208335,2.094,5.677,0.0,,1.73,6,0.64,12.9357136,77.6208325,1.985,10.698,0.44,4.4,0.034,0.439,True,moving,1.35,6.94,628,0,2,0.42
814,162.6,12.9356685,77.6208335,2.094,5.677,0.0,,1.73,6,0.83,12.9357145,77.6208325,1.985,10.798,0.44,4.4,0.034,0.439,True,moving,1.35,6.94,628,0,2,0.62
815,162.8,12.9356832,77.620853,4.21,7.314,0.0,,1.37,6,0.04,12.9357154,77.6208326,1.996,10.898,0.44,4.4,0.034,0.439,True,moving,1.35,6.94,628,0,2,0.83
816,163.0,12.9356832,77.620853,4.21,7.314,0.0,,1.37,6,0.24,12.9356995,77.620843,3.125,9.128,0.66,126.1,0.533,-0.389,True,moving,0.88,4.29,629,0,2,0.16
817,163.2,12.9356832,77.620853,4.21,7.314,0.0,,1.37,6,0.44,12.9356987,77.620844,3.233,9.039,0.66,126.1,0.533,-0.389,True,moving,0.88,4.29,629,0,2,0.36
818,163.4,12.9356832,77.620853,4.21,7.314,0.0,,1.37,6,0.64,12.935698,77.6208451,3.352,8.961,0.66,126.1,0.533,-0.389,True,moving,0.88,4.29,629,0,2,0.56
819,163.6,12.9356832,77.620853,4.21,7.314,0.0,,1.37,6,0.84,12.9356972,77.6208461,3.461,8.872,0.66,126.1,0.533,-0.389,True,moving,0.88,4.29,629,0,2,0.76
820,163.8,12.9356832,77.620853,4.21,7.314,0.0,,4.06,6,0.04,12.9356965,77.6208472,3.58,8.794,0.66,126.1,0.533,-0.389,True,moving,0.88,4.29,629,0,2,0.96
821,164.0,12.9356832,77.620853,4.21,7.314,0.0,,4.06,6,0.24,12.9356941,77.6208489,3.765,8.527,0.73,129.6,0.562,-0.465,True,moving,0.14,1.49,630,0,2,0.08
822,164.2,12.9356832,77.620853,4.21,7.314,0.0,,4.06,6,0.44,12.9356932,77.62085,3.884,8.427,0.73,129.6,0.562,-0.465,True,moving,0.14,1.49,630,0,2,0.28
823,164.4,12.9356832,77.620853,4.21,7.314,0.0,,4.06,6,0.64,12.9356923,77.6208511,4.003,8.327,0.73,129.6,0.562,-0.465,True,moving,0.14,1.49,630,0,2,0.48
824,164.6,12.9356832,77.620853,4.21,7.314,0.0,,4.06,6,0.84,12.9356914,77.6208521,4.112,8.227,0.73,129.6,0.562,-0.465,True,moving,0.14,1.49,630,0,2,0.68
825,164.8,12.9356832,77.620853,4.21,7.314,0.0,,4.06,6,0.04,12.9356891,77.6208532,4.231,7.97,0.76,133.2,0.554,-0.52,True,moving,0.07,0.82,631,0,2,0.03
826,165.0,12.9356832,77.620853,4.21,7.314,0.0,,4.06,6,0.25,12.935688,77.6208543,4.351,7.848,0.76,133.2,0.554,-0.52,True,moving,0.07,0.82,631,0,2,0.24
827,165.2,12.9356832,77.620853,4.21,7.314,0.0,,4.06,6,0.44,12.935688,77.6208543,4.351,7.848,0.76,133.2,0.554,-0.52,True,moving,0.07,0.82,631,0,2,0.43
828,165.4,12.9356832,77.620853,4.21,7.314,0.0,,4.06,6,0.64,12.935687,77.6208555,4.481,7.737,0.76,133.2,0.554,-0.52,True,moving,0.07,0.82,631,0,2,0.63
829,165.6,12.9356832,77.620853,4.21,7.314,0.0,,4.06,6,0.84,12.935686,77.6208566,4.6,7.625,0.76,133.2,0.554,-0.52,True,moving,0.07,0.82,631,0,2,0.83
830,165.8,12.9356872,77.6208558,4.513,7.759,1.83,,1.37,6,0.04,12.935685,77.6208577,4.72,7.514,0.76,133.2,0.554,-0.52,True,moving,0.07,0.82,631,0,2,1.03
831,166.0,12.9356872,77.6208558,4.513,7.759,1.83,,1.37,6,0.24,12.9357061,77.6208522,4.123,9.863,1.74,0.7,0.021,1.74,True,moving,0.06,0.48,632,0,2,0.15
832,166.2,12.9356872,77.6208558,4.513,7.759,1.83,,1.37,6,0.44,12.9357094,77.6208522,4.123,10.23,1.74,0.7,0.021,1.74,True,moving,0.06,0.48,632,0,2,0.35
833,166.4,12.9356872,77.6208558,4.513,7.759,1.83,,1.37,6,0.64,12.9357127,77.6208523,4.134,10.598,1.74,0.7,0.021,1.74,True,moving,0.06,0.48,632,0,2,0.55
834,166.6,12.9356872,77.6208558,4.513,7.759,1.83,,1.37,6,0.84,12.9357161,77.6208523,4.134,10.976,1.74,0.7,0.021,1.74,True,moving,0.06,0.48,632,0,2,0.75
835,166.8,12.9357093,77.6208562,4.557,10.219,1.83,,1.73,6,0.04,12.9357194,77.6208523,4.134,11.343,1.74,0.7,0.021,1.74,True,moving,0.06,0.48,632,0,2,0.95
836,167.0,12.9357093,77.6208562,4.557,10.219,1.83,,1.73,6,0.24,12.9357195,77.6208533,4.242,11.355,1.82,0.1,0.003,1.82,True,moving,0.3,1.55,633,0,2,0.09
837,167.2,12.9357093,77.6208562,4.557,10.219,1.83,,1.73,6,0.44,12.935723,77.6208533,4.242,11.744,1.82,0.1,0.003,1.82,True,moving,0.3,1.55,633,0,2,0.29
838,167.4,12.9357093,77.6208562,4.557,10.219,1.83,,1.73,6,0.64,12.9357264,77.6208533,4.242,12.123,1.82,0.1,0.003,1.82,True,moving,0.3,1.55,633,0,2,0.49
839,167.6,12.9357093,77.6208562,4.557,10.219,1.83,,1.73,6,0.84,12.9357299,77.6208533,4.242,12.512,1.82,0.1,0.003,1.82,True,moving,0.3,1.55,633,0,2,0.69
840,167.8,12.9357093,77.6208562,4.557,10.219,0.0,,1.73,6,0.04,12.9357279,77.620854,4.318,12.29,1.74,0.4,0.012,1.74,True,moving,0.55,2.7,634,0,2,0.04
841,168.0,12.9357093,77.6208562,4.557,10.219,0.0,,1.73,6,0.24,12.9357313,77.620854,4.318,12.668,1.74,0.4,0.012,1.74,True,moving,0.55,2.7,634,0,2,0.23
842,168.2,12.9357093,77.6208562,4.557,10.219,0.0,,1.73,6,0.45,12.9357346,77.620854,4.318,13.036,1.74,0.4,0.012,1.74,True,moving,0.55,2.7,634,0,2,0.45
843,168.4,12.9357093,77.6208562,4.557,10.219,0.0,,1.73,6,0.64,12.9357346,77.620854,4.318,13.036,1.74,0.4,0.012,1.74,True,moving,0.55,2.7,634,0,2,0.64
844,168.6,12.9357093,77.6208562,4.557,10.219,0.0,,1.73,6,0.84,12.9357381,77.620854,4.318,13.425,1.74,0.4,0.012,1.74,True,moving,0.55,2.7,634,0,2,0.84
845,168.8,12.9357192,77.620869,5.945,11.321,1.77,,1.73,6,0.04,12.9357415,77.6208541,4.329,13.804,1.74,0.4,0.012,1.74,True,moving,0.55,2.7,634,0,2,1.04
846,169.0,12.9357192,77.620869,5.945,11.321,1.77,,1.73,6,0.24,12.9357397,77.6208571,4.654,13.603,1.76,0.3,0.009,1.76,True,moving,0.64,3.28,635,0,2,0.15
847,169.2,12.9357192,77.620869,5.945,11.321,1.77,,1.73,6,0.44,12.9357431,77.6208571,4.654,13.982,1.76,0.3,0.009,1.76,True,moving,0.64,3.28,635,0,2,0.35
848,169.4,12.9357192,77.620869,5.945,11.321,1.77,,1.73,6,0.64,12.9357465,77.6208571,4.654,14.36,1.76,0.3,0.009,1.76,True,moving,0.64,3.28,635,0,2,0.56
849,169.6,12.9357192,77.620869,5.945,11.321,1.77,,1.73,6,0.84,12.9357499,77.6208572,4.665,14.739,1.76,0.3,0.009,1.76,True,moving,0.64,3.28,635,0,2,0.75
850,169.8,12.9357192,77.620869,5.945,11.321,0.0,,1.73,6,0.04,12.9357532,77.6208572,4.665,15.106,1.76,0.3,0.009,1.76,True,moving,0.64,3.28,635,0,2,0.96
851,170.0,12.9357192,77.620869,5.945,11.321,0.0,,1.73,6,0.24,12.935749,77.6208596,4.926,14.639,1.57,2.4,0.066,1.569,True,moving,0.9,4.36,636,0,2,0.08
852,170.2,12.9357192,77.620869,5.945,11.321,0.0,,1.73,6,0.44,12.935752,77.6208597,4.936,14.972,1.57,2.4,0.066,1.569,True,moving,0.9,4.36,636,0,2,0.28
853,170.4,12.9357192,77.620869,5.945,11.321,0.0,,1.73,6,0.64,12.935755,77.6208599,4.958,15.306,1.57,2.4,0.066,1.569,True,moving,0.9,4.36,636,0,2,0.48
854,170.6,12.9357192,77.620869,5.945,11.321,0.0,,1.73,6,0.84,12.935758,77.62086,4.969,15.64,1.57,2.4,0.066,1.569,True,moving,0.9,4.36,636,0,2,0.68
855,170.8,12.9357192,77.620869,5.945,11.321,0.0,,1.37,7,0.04,12.9357458,77.6208634,5.338,14.282,0.9,13.4,0.209,0.875,True,moving,1.11,4.76,637,0,2,0.02
856,171.0,12.9357192,77.620869,5.945,11.321,0.0,,1.37,7,0.24,12.9357475,77.6208638,5.381,14.472,0.9,13.4,0.209,0.875,True,moving,1.11,4.76,637,0,2,0.23
857,171.2,12.9357192,77.620869,5.945,11.321,0.0,,1.37,7,0.43,12.9357475,77.6208638,5.381,14.472,0.9,13.4,0.209,0.875,True,moving,1.11,4.76,637,0,2,0.42
858,171.4,12.9357192,77.620869,5.945,11.321,0.0,,1.37,7,0.63,12.9357492,77.6208642,5.425,14.661,0.9,13.4,0.209,0.875,True,moving,1.11,4.76,637,0,2,0.62
859,171.6,12.9357192,77.620869,5.945,11.321,0.0,,1.37,7,0.84,12.9357509,77.6208646,5.468,14.85,0.9,13.4,0.209,0.875,True,moving,1.11,4.76,637,0,2,0.82
860,171.8,12.9357377,77.6208927,8.517,13.381,1.31,,1.73,6,0.04,12.9357526,77.620865,5.512,15.039,0.9,13.4,0.209,0.875,True,moving,1.11,4.76,637,0,2,1.02
861,172.0,12.9357377,77.6208927,8.517,13.381,1.31,,1.73,6,0.24,12.9357547,77.6208691,5.956,15.273,1.28,1.2,0.027,1.28,True,moving,0.63,3.49,638,0,2,0.15
862,172.2,12.9357377,77.6208927,8.517,13.381,1.31,,1.73,6,0.44,12.9357572,77.6208692,5.967,15.551,1.28,1.2,0.027,1.28,True,moving,0.63,3.49,638,0,2,0.35
863,172.4,12.9357377,77.6208927,8.517,13.381,1.31,,1.73,6,0.64,12.9357597,77.6208693,5.978,15.83,1.28,1.2,0.027,1.28,True,moving,0.63,3.49,638,0,2,0.55
864,172.6,12.9357377,77.6208927,8.517,13.381,1.31,,1.73,6,0.84,12.9357621,77.6208693,5.978,16.097,1.28,1.2,0.027,1.28,True,moving,0.63,3.49,638,0,2,0.75
865,172.8,12.9357377,77.6208927,8.517,13.381,0.0,,1.73,6,0.04,12.9357646,77.6208694,5.989,16.375,1.28,1.2,0.027,1.28,True,moving,0.63,3.49,638,0,2,0.95
866,173.0,12.9357377,77.6208927,8.517,13.381,0.0,,1.73,6,0.24,12.935761,77.6208742,6.51,15.974,1.14,7.1,0.141,1.131,True,moving,0.85,4.13,639,0,2,0.08
867,173.2,12.9357377,77.6208927,8.517,13.381,0.0,,1.73,6,0.44,12.9357632,77.6208745,6.542,16.219,1.14,7.1,0.141,1.131,True,moving,0.85,4.13,639,0,2,0.28
868,173.4,12.9357377,77.6208927,8.517,13.381,0.0,,1.73,6,0.64,12.9357653,77.6208748,6.575,16.453,1.14,7.1,0.141,1.131,True,moving,0.85,4.13,639,0,2,0.48
869,173.6,12.9357377,77.6208927,8.517,13.381,0.0,,1.73,6,0.84,12.9357675,77.620875,6.596,16.698,1.14,7.1,0.141,1.131,True,moving,0.85,4.13,639,0,2,0.68
870,173.8,12.9357377,77.6208927,8.517,13.381,0.0,,1.73,6,0.04,12.9357612,77.6208799,7.128,15.997,0.83,24.6,0.346,0.755,True,moving,0.8,4.02,640,0,2,0.03
871,174.0,12.9357377,77.6208927,8.517,13.381,0.0,,1.73,6,0.24,12.9357626,77.6208806,7.204,16.152,0.83,24.6,0.346,0.755,True,moving,0.8,4.02,640,0,2,0.23
872,174.2,12.9357377,77.6208927,8.517,13.381,0.0,,1.73,6,0.45,12.9357641,77.6208813,7.28,16.319,0.83,24.6,0.346,0.755,True,moving,0.8,4.02,640,0,2,0.44
873,174.4,12.9357377,77.6208927,8.517,13.381,0.0,,1.73,6,0.64,12.9357641,77.6208813,7.28,16.319,0.83,24.6,0.346,0.755,True,moving,0.8,4.02,640,0,2,0.63
874,174.6,12.9357377,77.6208927,8.517,13.381,0.0,,1.73,6,0.84,12.9357655,77.620882,7.356,16.475,0.83,24.6,0.346,0.755,True,moving,0.8,4.02,640,0,2,0.83
875,174.8,12.935753,77.6208985,9.146,15.084,1.1,,1.73,6,0.04,12.935767,77.6208826,7.421,16.642,0.83,24.6,0.346,0.755,True,moving,0.8,4.02,640,0,2,1.03
876,175.0,12.935753,77.6208985,9.146,15.084,1.1,,1.73,6,0.24,12.9357681,77.6208835,7.519,16.765,1.08,1.3,0.025,1.08,True,moving,0.42,2.38,641,0,2,0.16
877,175.2,12.935753,77.6208985,9.146,15.084,1.1,,1.73,6,0.44,12.9357702,77.6208835,7.519,16.998,1.08,1.3,0.025,1.08,True,moving,0.42,2.38,641,0,2,0.36
878,175.4,12.935753,77.6208985,9.146,15.084,1.1,,1.73,6,0.64,12.9357722,77.6208836,7.53,17.221,1.08,1.3,0.025,1.08,True,moving,0.42,2.38,641,0,2,0.56
879,175.6,12.935753,77.6208985,9.146,15.084,1.1,,1.73,6,0.84,12.9357743,77.6208836,7.53,17.455,1.08,1.3,0.025,1.08,True,moving,0.42,2.38,641,0,2,0.76
880,175.8,12.935753,77.6208985,9.146,15.084,0.0,,1.73,6,0.04,12.9357764,77.6208837,7.54,17.689,1.08,1.3,0.025,1.08,True,moving,0.42,2.38,641,0,2,0.96
881,176.0,12.935753,77.6208985,9.146,15.084,0.0,,1.73,6,0.24,12.9357729,77.6208869,7.888,17.299,0.95,5.8,0.096,0.945,True,moving,0.67,3.26,642,0,2,0.09
882,176.2,12.935753,77.6208985,9.146,15.084,0.0,,1.73,6,0.44,12.9357748,77.6208871,7.909,17.511,0.95,5.8,0.096,0.945,True,moving,0.67,3.26,642,0,2,0.29
883,176.4,12.935753,77.6208985,9.146,15.084,0.0,,1.73,6,0.64,12.9357766,77.6208873,7.931,17.711,0.95,5.8,0.096,0.945,True,moving,0.67,3.26,642,0,2,0.49
884,176.6,12.935753,77.6208985,9.146,15.084,0.0,,1.73,6,0.84,12.9357785,77.6208875,7.953,17.922,0.95,5.8,0.096,0.945,True,moving,0.67,3.26,642,0,2,0.69
885,176.8,12.935753,77.6209098,10.372,15.084,1.41,,1.73,6,0.04,12.9357782,77.6208913,8.365,17.889,1.37,0.7,0.017,1.37,True,moving,0.76,3.87,643,0,2,0.03
886,177.0,12.935753,77.6209098,10.372,15.084,1.41,,1.73,6,0.24,12.9357809,77.6208913,8.365,18.19,1.37,0.7,0.017,1.37,True,moving,0.76,3.87,643,0,2,0.24
887,177.2,12.935753,77.6209098,10.372,15.084,1.41,,1.73,6,0.44,12.9357809,77.6208913,8.365,18.19,1.37,0.7,0.017,1.37,True,moving,0.76,3.87,643,0,2,0.43
888,177.4,12.935753,77.6209098,10.372,15.084,1.41,,1.73,6,0.64,12.9357837,77.6208913,8.365,18.501,1.37,0.7,0.017,1.37,True,moving,0.76,3.87,643,0,2,0.63
889,177.6,12.935753,77.6209098,10.372,15.084,1.41,,1.73,6,0.84,12.9357863,77.6208914,8.376,18.791,1.37,0.7,0.017,1.37,True,moving,0.76,3.87,643,0,2,0.83
890,177.8,12.9357508,77.6209115,10.557,14.839,1.21,,1.73,6,0.04,12.935789,77.6208914,8.376,19.091,1.37,0.7,0.017,1.37,True,moving,0.76,3.87,643,0,2,1.03
891,178.0,12.9357508,77.6209115,10.557,14.839,1.21,,1.73,6,0.23,12.9357838,77.6208948,8.745,18.512,1.21,0.4,0.008,1.21,True,moving,1.04,5.04,644,0,2,0.14
892,178.2,12.9357508,77.6209115,10.557,14.839,1.21,,1.73,6,0.43,12.9357861,77.6208949,8.756,18.768,1.21,0.4,0.008,1.21,True,moving,1.04,5.04,644,0,2,0.34
893,178.4,12.9357508,77.6209115,10.557,14.839,1.21,,1.73,6,0.64,12.9357884,77.6208949,8.756,19.025,1.21,0.4,0.008,1.21,True,moving,1.04,5.04,644,0,2,0.54
894,178.6,12.9357508,77.6209115,10.557,14.839,1.21,,1.73,6,0.84,12.9357908,77.6208949,8.756,19.292,1.21,0.4,0.008,1.21,True,moving,1.04,5.04,644,0,2,0.74
895,178.8,12.9357592,77.6209188,11.349,15.774,1.44,,1.73,6,0.04,12.9357931,77.6208949,8.756,19.548,1.21,0.4,0.008,1.21,True,moving,1.04,5.04,644,0,2,0.94
896,179.0,12.9357592,77.6209188,11.349,15.774,1.44,,1.73,6,0.24,12.9357907,77.6208987,9.168,19.281,1.41,0.4,0.01,1.41,True,moving,1.0,4.79,645,0,2,0.07
897,179.2,12.9357592,77.6209188,11.349,15.774,1.44,,1.73,6,0.43,12.9357934,77.6208987,9.168,19.581,1.41,0.4,0.01,1.41,True,moving,1.0,4.79,645,0,2,0.27
898,179.4,12.9357592,77.6209188,11.349,15.774,1.44,,1.73,6,0.63,12.9357961,77.6208987,9.168,19.882,1.41,0.4,0.01,1.41,True,moving,1.0,4.79,645,0,2,0.47
899,179.6,12.9357592,77.6209188,11.349,15.774,1.44,,1.73,6,0.83,12.9357988,77.6208987,9.168,20.182,1.41,0.4,0.01,1.41,True,moving,1.0,4.79,645,0,2,0.67
900,179.8,12.9357738,77.6209297,12.531,17.399,2.6,,1.73,6,0.04,12.9358018,77.6209031,9.645,20.516,2.49,0.2,0.009,2.49,True,moving,0.97,4.56,646,0,2,0.02
